Latitude,Longtitude,Pressure [hPa],Height [m],Temperature [C],Relative Humidity [%],Wind Direction [deg],Wind Speed [knot]
b'13.0000',b'-144.0000',1011.9,0.0,27.8,76.0,72.0,5.0
,,1000.0,105.0,26.7,76.0,73.0,6.0
,,975.0,328.0,24.6,83.0,74.0,6.0
,,950.0,556.0,23.0,83.0,70.0,6.0
,,925.0,789.0,21.6,81.0,66.0,7.0
,,900.0,1027.0,20.2,81.0,66.0,7.0
,,850.0,1519.0,17.4,82.0,66.0,6.0
,,800.0,2035.0,14.9,76.0,70.0,6.0
,,750.0,2580.0,12.5,70.0,77.0,9.0
,,700.0,3157.0,9.7,74.0,81.0,10.0
,,650.0,3770.0,6.7,73.0,75.0,11.0
,,600.0,4423.0,3.1,62.0,70.0,13.0
,,550.0,5124.0,-0.8,51.0,63.0,15.0
,,500.0,5879.0,-5.0,41.0,68.0,15.0
,,450.0,6699.0,-9.5,28.0,80.0,16.0
,,400.0,7599.0,-15.2,24.0,91.0,19.0
,,350.0,8593.0,-22.6,44.0,76.0,18.0
,,300.0,9705.0,-30.9,53.0,68.0,23.0
,,250.0,10970.0,-41.4,70.0,68.0,25.0
,,200.0,12441.0,-54.3,92.0,65.0,29.0
,,150.0,14222.0,-68.4,100.0,74.0,29.0
,,100.0,16578.0,-76.1,31.0,84.0,16.0
b'13.0000',b'-143.0000',1011.9,0.0,27.7,79.0,43.0,8.0
,,1000.0,105.0,26.6,79.0,42.0,9.0
,,975.0,328.0,24.4,86.0,43.0,9.0
,,950.0,556.0,22.4,93.0,44.0,9.0
,,925.0,788.0,21.1,88.0,51.0,9.0
,,900.0,1026.0,19.9,85.0,57.0,9.0
,,850.0,1518.0,17.4,80.0,62.0,9.0
,,800.0,2035.0,15.2,67.0,78.0,9.0
,,750.0,2580.0,12.6,68.0,78.0,9.0
,,700.0,3157.0,9.8,70.0,75.0,10.0
,,650.0,3770.0,6.4,74.0,79.0,11.0
,,600.0,4422.0,2.7,70.0,80.0,14.0
,,550.0,5122.0,-1.1,58.0,74.0,15.0
,,500.0,5877.0,-5.0,41.0,73.0,16.0
,,450.0,6698.0,-9.5,30.0,84.0,16.0
,,400.0,7597.0,-15.2,30.0,90.0,21.0
,,350.0,8591.0,-22.7,54.0,79.0,19.0
,,300.0,9703.0,-30.8,61.0,63.0,22.0
,,250.0,10968.0,-41.3,75.0,60.0,25.0
,,200.0,12440.0,-54.3,98.0,64.0,28.0
,,150.0,14220.0,-68.4,100.0,72.0,28.0
,,100.0,16577.0,-76.1,31.0,85.0,16.0
b'13.0000',b'-142.0000',1011.9,0.0,27.2,80.0,55.0,11.0
,,1000.0,104.0,26.1,79.0,55.0,12.0
,,975.0,327.0,24.0,85.0,55.0,13.0
,,950.0,555.0,22.2,89.0,54.0,12.0
,,925.0,787.0,20.9,87.0,53.0,12.0
,,900.0,1024.0,19.7,87.0,52.0,12.0
,,850.0,1516.0,17.4,86.0,53.0,12.0
,,800.0,2034.0,15.1,85.0,56.0,11.0
,,750.0,2579.0,12.5,85.0,60.0,10.0
,,700.0,3156.0,9.6,83.0,62.0,10.0
,,650.0,3769.0,6.2,83.0,68.0,11.0
,,600.0,4421.0,2.4,83.0,78.0,14.0
,,550.0,5120.0,-1.3,75.0,80.0,15.0
,,500.0,5875.0,-5.0,58.0,72.0,15.0
,,450.0,6696.0,-9.6,49.0,78.0,16.0
,,400.0,7596.0,-15.1,45.0,80.0,23.0
,,350.0,8591.0,-22.6,69.0,70.0,20.0
,,300.0,9703.0,-30.9,74.0,60.0,21.0
,,250.0,10968.0,-41.2,71.0,55.0,26.0
,,200.0,12441.0,-54.3,96.0,60.0,25.0
,,150.0,14219.0,-68.7,100.0,70.0,28.0
,,100.0,16578.0,-76.1,31.0,87.0,15.0
b'13.0000',b'-141.0000',1011.7,0.0,27.2,82.0,67.0,15.0
,,1000.0,103.0,26.1,80.0,67.0,17.0
,,975.0,326.0,23.9,87.0,67.0,18.0
,,950.0,554.0,21.9,95.0,67.0,18.0
,,925.0,785.0,20.2,97.0,63.0,17.0
,,900.0,1023.0,19.9,84.0,50.0,14.0
,,850.0,1515.0,17.6,80.0,48.0,11.0
,,800.0,2032.0,15.5,61.0,56.0,10.0
,,750.0,2578.0,13.2,50.0,64.0,10.0
,,700.0,3155.0,10.2,53.0,72.0,11.0
,,650.0,3768.0,6.5,67.0,80.0,14.0
,,600.0,4421.0,2.7,63.0,81.0,15.0
,,550.0,5120.0,-1.0,50.0,77.0,14.0
,,500.0,5874.0,-5.1,33.0,68.0,13.0
,,450.0,6694.0,-9.5,14.0,74.0,16.0
,,400.0,7595.0,-14.8,26.0,73.0,25.0
,,350.0,8589.0,-22.6,48.0,69.0,25.0
,,300.0,9702.0,-30.6,29.0,54.0,23.0
,,250.0,10968.0,-41.1,39.0,46.0,26.0
,,200.0,12441.0,-54.3,85.0,56.0,24.0
,,150.0,14220.0,-68.8,100.0,68.0,25.0
,,100.0,16577.0,-75.9,31.0,88.0,14.0
b'13.0000',b'-140.0000',1011.7,0.0,27.2,78.0,61.0,14.0
,,1000.0,103.0,26.1,75.0,62.0,15.0
,,975.0,326.0,23.9,82.0,62.0,16.0
,,950.0,553.0,21.8,89.0,62.0,17.0
,,925.0,784.0,19.8,93.0,62.0,17.0
,,900.0,1021.0,19.5,71.0,54.0,16.0
,,850.0,1512.0,18.9,34.0,36.0,13.0
,,800.0,2030.0,16.7,23.0,49.0,11.0
,,750.0,2576.0,13.9,21.0,62.0,11.0
,,700.0,3153.0,10.8,30.0,71.0,14.0
,,650.0,3767.0,6.9,57.0,76.0,15.0
,,600.0,4420.0,3.0,50.0,75.0,15.0
,,550.0,5120.0,-0.9,30.0,77.0,14.0
,,500.0,5874.0,-5.2,19.0,76.0,14.0
,,450.0,6694.0,-9.2,7.0,76.0,18.0
,,400.0,7595.0,-14.8,22.0,67.0,24.0
,,350.0,8589.0,-22.6,32.0,66.0,26.0
,,300.0,9701.0,-30.8,19.0,56.0,23.0
,,250.0,10967.0,-41.1,34.0,44.0,26.0
,,200.0,12440.0,-54.2,86.0,59.0,22.0
,,150.0,14219.0,-68.8,100.0,65.0,24.0
,,100.0,16577.0,-75.8,29.0,84.0,13.0
b'13.0000',b'-139.0000',1011.6,0.0,27.2,78.0,52.0,12.0
,,1000.0,101.0,26.0,76.0,52.0,13.0
,,975.0,324.0,23.9,83.0,53.0,14.0
,,950.0,552.0,21.7,90.0,54.0,15.0
,,925.0,783.0,19.8,95.0,56.0,16.0
,,900.0,1019.0,19.1,80.0,59.0,18.0
,,850.0,1510.0,19.0,26.0,53.0,14.0
,,800.0,2028.0,17.1,15.0,57.0,11.0
,,750.0,2574.0,14.1,22.0,67.0,12.0
,,700.0,3152.0,10.7,34.0,69.0,14.0
,,650.0,3766.0,6.9,52.0,71.0,15.0
,,600.0,4419.0,3.0,48.0,75.0,14.0
,,550.0,5118.0,-0.6,23.0,78.0,15.0
,,500.0,5873.0,-5.1,13.0,83.0,16.0
,,450.0,6693.0,-9.2,4.0,78.0,19.0
,,400.0,7594.0,-14.9,17.0,63.0,23.0
,,350.0,8589.0,-22.5,25.0,64.0,23.0
,,300.0,9700.0,-30.9,21.0,60.0,22.0
,,250.0,10967.0,-41.0,34.0,46.0,24.0
,,200.0,12439.0,-54.1,72.0,67.0,23.0
,,150.0,14219.0,-68.8,100.0,64.0,23.0
,,100.0,16576.0,-75.7,29.0,84.0,11.0
b'13.0000',b'-138.0000',1011.3,0.0,27.2,79.0,43.0,11.0
,,1000.0,99.0,26.2,77.0,44.0,13.0
,,975.0,322.0,24.0,84.0,45.0,13.0
,,950.0,549.0,21.9,91.0,46.0,14.0
,,925.0,781.0,20.2,92.0,53.0,14.0
,,900.0,1018.0,19.5,79.0,64.0,14.0
,,850.0,1509.0,18.8,35.0,75.0,11.0
,,800.0,2027.0,16.4,30.0,71.0,10.0
,,750.0,2573.0,13.5,44.0,73.0,12.0
,,700.0,3151.0,10.6,49.0,71.0,15.0
,,650.0,3764.0,7.1,56.0,68.0,16.0
,,600.0,4418.0,3.0,62.0,74.0,14.0
,,550.0,5118.0,-0.9,48.0,82.0,15.0
,,500.0,5873.0,-5.0,28.0,84.0,16.0
,,450.0,6693.0,-9.5,14.0,79.0,19.0
,,400.0,7593.0,-15.0,15.0,63.0,23.0
,,350.0,8588.0,-22.3,23.0,63.0,23.0
,,300.0,9700.0,-30.9,26.0,60.0,21.0
,,250.0,10966.0,-41.1,39.0,49.0,23.0
,,200.0,12439.0,-54.2,81.0,76.0,24.0
,,150.0,14219.0,-68.7,100.0,63.0,23.0
,,100.0,16575.0,-75.7,32.0,87.0,10.0
b'13.0000',b'-137.0000',1011.0,0.0,27.2,82.0,37.0,11.0
,,1000.0,96.0,26.2,81.0,37.0,12.0
,,975.0,319.0,24.0,88.0,37.0,13.0
,,950.0,547.0,21.9,95.0,37.0,14.0
,,925.0,779.0,20.9,90.0,41.0,14.0
,,900.0,1016.0,19.8,88.0,48.0,12.0
,,850.0,1508.0,17.5,84.0,66.0,10.0
,,800.0,2026.0,15.2,79.0,73.0,11.0
,,750.0,2572.0,13.0,75.0,76.0,13.0
,,700.0,3150.0,10.2,75.0,74.0,15.0
,,650.0,3763.0,6.9,76.0,73.0,16.0
,,600.0,4417.0,2.9,78.0,78.0,16.0
,,550.0,5117.0,-1.1,73.0,85.0,17.0
,,500.0,5872.0,-5.1,58.0,89.0,17.0
,,450.0,6693.0,-9.8,43.0,79.0,20.0
,,400.0,7592.0,-15.3,30.0,64.0,22.0
,,350.0,8586.0,-22.4,29.0,59.0,22.0
,,300.0,9698.0,-30.9,23.0,56.0,22.0
,,250.0,10965.0,-41.0,31.0,56.0,22.0
,,200.0,12438.0,-54.0,95.0,86.0,25.0
,,150.0,14218.0,-68.7,99.0,67.0,25.0
,,100.0,16573.0,-75.7,34.0,85.0,10.0
b'13.0000',b'-136.0000',1010.7,0.0,27.5,79.0,52.0,12.0
,,1000.0,94.0,26.4,77.0,53.0,13.0
,,975.0,317.0,24.4,83.0,54.0,14.0
,,950.0,545.0,22.7,86.0,57.0,15.0
,,925.0,778.0,21.4,83.0,65.0,16.0
,,900.0,1015.0,20.1,85.0,69.0,15.0
,,850.0,1508.0,17.6,86.0,70.0,12.0
,,800.0,2025.0,15.2,85.0,76.0,11.0
,,750.0,2571.0,12.8,83.0,80.0,11.0
,,700.0,3149.0,9.9,83.0,81.0,13.0
,,650.0,3762.0,6.6,84.0,82.0,15.0
,,600.0,4416.0,2.9,85.0,85.0,15.0
,,550.0,5116.0,-1.2,83.0,92.0,14.0
,,500.0,5871.0,-5.2,72.0,90.0,13.0
,,450.0,6692.0,-9.8,64.0,72.0,18.0
,,400.0,7592.0,-15.2,59.0,58.0,23.0
,,350.0,8587.0,-22.4,65.0,57.0,22.0
,,300.0,9699.0,-31.1,79.0,57.0,20.0
,,250.0,10965.0,-41.0,94.0,58.0,19.0
,,200.0,12440.0,-53.8,100.0,80.0,21.0
,,150.0,14219.0,-69.1,98.0,70.0,25.0
,,100.0,16573.0,-75.6,33.0,90.0,9.0
b'13.0000',b'-135.0000',1010.5,0.0,27.7,80.0,60.0,12.0
,,1000.0,92.0,26.8,78.0,61.0,13.0
,,975.0,316.0,24.6,84.0,62.0,14.0
,,950.0,544.0,22.6,90.0,64.0,14.0
,,925.0,776.0,21.4,85.0,73.0,13.0
,,900.0,1014.0,20.2,83.0,77.0,11.0
,,850.0,1506.0,18.0,82.0,79.0,9.0
,,800.0,2025.0,15.6,81.0,84.0,9.0
,,750.0,2571.0,12.9,82.0,88.0,10.0
,,700.0,3149.0,9.8,83.0,90.0,12.0
,,650.0,3762.0,6.5,85.0,93.0,13.0
,,600.0,4416.0,2.9,85.0,98.0,13.0
,,550.0,5116.0,-1.1,84.0,107.0,12.0
,,500.0,5871.0,-5.4,78.0,95.0,12.0
,,450.0,6692.0,-9.6,64.0,71.0,15.0
,,400.0,7592.0,-15.4,60.0,56.0,22.0
,,350.0,8586.0,-22.4,67.0,55.0,23.0
,,300.0,9699.0,-31.1,89.0,59.0,22.0
,,250.0,10964.0,-41.0,100.0,61.0,17.0
,,200.0,12440.0,-53.6,100.0,76.0,20.0
,,150.0,14219.0,-69.2,99.0,72.0,25.0
,,100.0,16573.0,-75.5,32.0,93.0,7.0
b'13.0000',b'-134.0000',1010.4,0.0,27.9,79.0,60.0,10.0
,,1000.0,91.0,27.0,76.0,60.0,11.0
,,975.0,315.0,24.9,82.0,62.0,12.0
,,950.0,543.0,23.0,85.0,67.0,12.0
,,925.0,776.0,21.7,81.0,80.0,11.0
,,900.0,1014.0,20.2,83.0,85.0,9.0
,,850.0,1506.0,17.9,84.0,88.0,9.0
,,800.0,2024.0,15.6,82.0,93.0,9.0
,,750.0,2571.0,12.8,84.0,100.0,10.0
,,700.0,3149.0,9.7,86.0,102.0,10.0
,,650.0,3762.0,6.6,86.0,101.0,11.0
,,600.0,4416.0,3.0,84.0,107.0,11.0
,,550.0,5116.0,-1.2,86.0,114.0,10.0
,,500.0,5871.0,-5.6,84.0,96.0,12.0
,,450.0,6691.0,-9.8,74.0,64.0,15.0
,,400.0,7591.0,-15.5,72.0,49.0,21.0
,,350.0,8585.0,-22.5,86.0,49.0,21.0
,,300.0,9698.0,-30.7,99.0,57.0,19.0
,,250.0,10965.0,-40.9,100.0,66.0,16.0
,,200.0,12439.0,-53.8,100.0,74.0,18.0
,,150.0,14217.0,-69.7,100.0,74.0,24.0
,,100.0,16573.0,-75.1,30.0,122.0,7.0
b'13.0000',b'-133.0000',1010.3,0.0,28.0,77.0,66.0,10.0
,,1000.0,90.0,27.2,73.0,67.0,11.0
,,975.0,314.0,25.2,76.0,69.0,12.0
,,950.0,543.0,23.8,75.0,80.0,11.0
,,925.0,776.0,22.2,78.0,94.0,10.0
,,900.0,1014.0,20.6,81.0,102.0,9.0
,,850.0,1507.0,17.6,87.0,99.0,9.0
,,800.0,2024.0,15.4,87.0,96.0,10.0
,,750.0,2571.0,12.9,86.0,100.0,10.0
,,700.0,3149.0,9.9,86.0,109.0,10.0
,,650.0,3762.0,6.5,87.0,115.0,10.0
,,600.0,4416.0,2.9,86.0,115.0,10.0
,,550.0,5116.0,-1.3,88.0,113.0,10.0
,,500.0,5871.0,-5.8,91.0,92.0,8.0
,,450.0,6690.0,-10.3,88.0,52.0,13.0
,,400.0,7588.0,-16.0,94.0,45.0,20.0
,,350.0,8582.0,-22.3,100.0,56.0,18.0
,,300.0,9697.0,-30.4,99.0,72.0,13.0
,,250.0,10964.0,-40.9,100.0,63.0,12.0
,,200.0,12439.0,-53.7,100.0,70.0,15.0
,,150.0,14217.0,-69.9,100.0,71.0,24.0
,,100.0,16573.0,-74.6,25.0,121.0,9.0
b'13.0000',b'-132.0000',1010.1,0.0,27.9,77.0,71.0,11.0
,,1000.0,89.0,27.2,72.0,72.0,12.0
,,975.0,313.0,25.5,73.0,74.0,13.0
,,950.0,542.0,24.1,72.0,88.0,12.0
,,925.0,775.0,22.5,76.0,98.0,11.0
,,900.0,1014.0,21.0,79.0,102.0,11.0
,,850.0,1507.0,17.9,85.0,103.0,10.0
,,800.0,2025.0,15.2,88.0,103.0,10.0
,,750.0,2571.0,12.6,89.0,107.0,10.0
,,700.0,3149.0,9.7,88.0,114.0,11.0
,,650.0,3762.0,6.6,85.0,120.0,11.0
,,600.0,4416.0,3.2,81.0,125.0,10.0
,,550.0,5117.0,-1.2,88.0,119.0,8.0
,,500.0,5871.0,-6.0,98.0,93.0,6.0
,,450.0,6690.0,-10.6,99.0,71.0,8.0
,,400.0,7587.0,-16.0,99.0,56.0,11.0
,,350.0,8581.0,-22.5,100.0,57.0,12.0
,,300.0,9694.0,-30.6,99.0,60.0,12.0
,,250.0,10962.0,-40.7,100.0,62.0,9.0
,,200.0,12439.0,-53.4,100.0,65.0,12.0
,,150.0,14218.0,-69.9,100.0,69.0,20.0
,,100.0,16572.0,-74.8,26.0,115.0,11.0
b'13.0000',b'-131.0000',1010.0,0.0,27.9,78.0,97.0,9.0
,,1000.0,88.0,27.2,72.0,97.0,11.0
,,975.0,312.0,25.7,72.0,99.0,12.0
,,950.0,541.0,24.2,73.0,105.0,11.0
,,925.0,775.0,22.8,76.0,109.0,10.0
,,900.0,1013.0,21.2,79.0,109.0,9.0
,,850.0,1507.0,18.1,86.0,108.0,8.0
,,800.0,2025.0,15.2,90.0,109.0,9.0
,,750.0,2572.0,12.6,90.0,113.0,10.0
,,700.0,3149.0,9.8,88.0,121.0,10.0
,,650.0,3763.0,6.8,83.0,129.0,11.0
,,600.0,4417.0,3.2,82.0,130.0,11.0
,,550.0,5118.0,-1.3,89.0,119.0,8.0
,,500.0,5872.0,-6.1,98.0,86.0,7.0
,,450.0,6690.0,-10.9,99.0,75.0,10.0
,,400.0,7587.0,-16.0,98.0,53.0,10.0
,,350.0,8580.0,-22.5,100.0,54.0,11.0
,,300.0,9694.0,-30.6,99.0,65.0,11.0
,,250.0,10962.0,-40.7,100.0,69.0,8.0
,,200.0,12439.0,-53.3,100.0,55.0,11.0
,,150.0,14220.0,-69.7,100.0,81.0,17.0
,,100.0,16573.0,-75.4,34.0,116.0,15.0
b'13.0000',b'-130.0000',1010.1,0.0,27.8,80.0,120.0,7.0
,,1000.0,89.0,26.9,78.0,121.0,8.0
,,975.0,313.0,24.8,84.0,121.0,8.0
,,950.0,541.0,23.2,84.0,120.0,9.0
,,925.0,774.0,21.7,84.0,115.0,10.0
,,900.0,1012.0,20.4,85.0,110.0,10.0
,,850.0,1505.0,18.0,87.0,110.0,10.0
,,800.0,2024.0,15.9,85.0,114.0,9.0
,,750.0,2571.0,13.4,81.0,123.0,8.0
,,700.0,3150.0,10.4,78.0,135.0,8.0
,,650.0,3764.0,6.9,78.0,135.0,8.0
,,600.0,4418.0,3.1,78.0,131.0,8.0
,,550.0,5119.0,-1.2,82.0,116.0,10.0
,,500.0,5873.0,-5.9,92.0,86.0,8.0
,,450.0,6691.0,-11.1,96.0,52.0,6.0
,,400.0,7587.0,-16.1,85.0,48.0,11.0
,,350.0,8581.0,-22.1,67.0,49.0,12.0
,,300.0,9695.0,-30.6,79.0,68.0,10.0
,,250.0,10962.0,-41.0,95.0,69.0,7.0
,,200.0,12437.0,-53.3,97.0,57.0,9.0
,,150.0,14221.0,-69.3,100.0,83.0,11.0
,,100.0,16576.0,-75.6,35.0,119.0,15.0
b'13.0000',b'-129.0000',1010.2,0.0,27.6,81.0,173.0,4.0
,,1000.0,90.0,26.6,81.0,173.0,5.0
,,975.0,314.0,24.5,89.0,171.0,5.0
,,950.0,542.0,23.0,87.0,151.0,4.0
,,925.0,774.0,21.8,84.0,119.0,4.0
,,900.0,1012.0,20.5,84.0,113.0,5.0
,,850.0,1506.0,17.9,87.0,118.0,7.0
,,800.0,2024.0,15.7,85.0,122.0,7.0
,,750.0,2571.0,13.7,75.0,129.0,7.0
,,700.0,3151.0,10.8,70.0,131.0,6.0
,,650.0,3766.0,7.2,70.0,122.0,7.0
,,600.0,4420.0,3.1,70.0,110.0,8.0
,,550.0,5120.0,-1.2,68.0,95.0,8.0
,,500.0,5874.0,-5.8,65.0,90.0,9.0
,,450.0,6691.0,-10.9,79.0,88.0,8.0
,,400.0,7587.0,-16.2,88.0,50.0,8.0
,,350.0,8581.0,-22.2,75.0,41.0,10.0
,,300.0,9695.0,-30.7,81.0,79.0,9.0
,,250.0,10962.0,-41.0,85.0,65.0,10.0
,,200.0,12436.0,-53.6,95.0,72.0,11.0
,,150.0,14217.0,-69.4,100.0,89.0,13.0
,,100.0,16577.0,-75.7,36.0,102.0,12.0
b'13.0000',b'-128.0000',1010.2,0.0,27.5,82.0,205.0,7.0
,,1000.0,90.0,26.6,82.0,205.0,8.0
,,975.0,314.0,24.5,88.0,205.0,8.0
,,950.0,542.0,23.2,83.0,201.0,6.0
,,925.0,775.0,22.0,81.0,180.0,3.0
,,900.0,1013.0,20.7,83.0,143.0,3.0
,,850.0,1506.0,17.9,86.0,123.0,5.0
,,800.0,2024.0,15.9,82.0,127.0,7.0
,,750.0,2572.0,13.7,75.0,128.0,7.0
,,700.0,3152.0,10.7,70.0,122.0,6.0
,,650.0,3766.0,7.1,71.0,104.0,6.0
,,600.0,4420.0,3.1,75.0,88.0,7.0
,,550.0,5120.0,-1.4,77.0,83.0,9.0
,,500.0,5874.0,-6.2,74.0,82.0,10.0
,,450.0,6691.0,-10.8,60.0,85.0,12.0
,,400.0,7587.0,-15.8,55.0,69.0,9.0
,,350.0,8581.0,-22.6,69.0,37.0,8.0
,,300.0,9693.0,-30.7,60.0,83.0,11.0
,,250.0,10960.0,-40.8,76.0,67.0,12.0
,,200.0,12436.0,-53.6,100.0,82.0,12.0
,,150.0,14216.0,-69.5,100.0,97.0,15.0
,,100.0,16578.0,-75.6,35.0,107.0,11.0
b'13.0000',b'-127.0000',1010.3,0.0,27.5,81.0,172.0,7.0
,,1000.0,91.0,26.6,79.0,172.0,8.0
,,975.0,314.0,24.8,82.0,174.0,8.0
,,950.0,543.0,23.7,78.0,178.0,7.0
,,925.0,776.0,22.5,76.0,179.0,6.0
,,900.0,1014.0,21.2,78.0,180.0,4.0
,,850.0,1508.0,18.2,83.0,162.0,3.0
,,800.0,2027.0,15.8,82.0,131.0,5.0
,,750.0,2574.0,13.1,77.0,120.0,9.0
,,700.0,3152.0,10.0,76.0,111.0,10.0
,,650.0,3765.0,6.8,77.0,100.0,10.0
,,600.0,4419.0,3.1,74.0,94.0,10.0
,,550.0,5120.0,-1.0,58.0,90.0,10.0
,,500.0,5874.0,-5.5,38.0,82.0,10.0
,,450.0,6692.0,-10.8,30.0,74.0,11.0
,,400.0,7587.0,-16.0,26.0,68.0,12.0
,,350.0,8579.0,-22.7,19.0,65.0,11.0
,,300.0,9692.0,-30.4,23.0,67.0,10.0
,,250.0,10960.0,-40.7,45.0,82.0,11.0
,,200.0,12436.0,-53.5,93.0,104.0,12.0
,,150.0,14217.0,-69.5,100.0,91.0,14.0
,,100.0,16578.0,-75.2,37.0,108.0,13.0
b'13.0000',b'-126.0000',1010.6,0.0,27.4,80.0,190.0,5.0
,,1000.0,93.0,26.5,80.0,190.0,6.0
,,975.0,317.0,24.4,87.0,189.0,6.0
,,950.0,545.0,22.4,93.0,182.0,5.0
,,925.0,777.0,21.5,85.0,164.0,5.0
,,900.0,1015.0,20.5,83.0,157.0,5.0
,,850.0,1508.0,18.4,80.0,137.0,7.0
,,800.0,2027.0,16.2,74.0,120.0,10.0
,,750.0,2575.0,13.4,75.0,112.0,11.0
,,700.0,3153.0,10.2,77.0,98.0,10.0
,,650.0,3767.0,6.7,80.0,90.0,9.0
,,600.0,4420.0,2.6,80.0,89.0,10.0
,,550.0,5119.0,-1.8,69.0,96.0,11.0
,,500.0,5872.0,-6.0,51.0,99.0,13.0
,,450.0,6690.0,-10.5,39.0,86.0,15.0
,,400.0,7587.0,-15.9,36.0,70.0,15.0
,,350.0,8579.0,-22.5,35.0,66.0,14.0
,,300.0,9693.0,-30.3,11.0,47.0,11.0
,,250.0,10960.0,-40.9,52.0,79.0,10.0
,,200.0,12435.0,-53.7,97.0,115.0,10.0
,,150.0,14216.0,-69.2,100.0,81.0,14.0
,,100.0,16577.0,-74.8,38.0,113.0,15.0
b'13.0000',b'-125.0000',1010.8,0.0,27.4,82.0,204.0,5.0
,,1000.0,95.0,26.4,82.0,204.0,6.0
,,975.0,318.0,24.2,90.0,202.0,6.0
,,950.0,546.0,22.7,92.0,186.0,5.0
,,925.0,779.0,21.6,87.0,161.0,5.0
,,900.0,1017.0,20.4,85.0,148.0,6.0
,,850.0,1510.0,18.0,83.0,131.0,8.0
,,800.0,2028.0,16.0,78.0,114.0,10.0
,,750.0,2576.0,13.2,78.0,96.0,10.0
,,700.0,3154.0,9.9,79.0,85.0,10.0
,,650.0,3767.0,6.4,83.0,80.0,11.0
,,600.0,4420.0,2.5,84.0,82.0,12.0
,,550.0,5119.0,-1.6,79.0,90.0,12.0
,,500.0,5872.0,-5.9,63.0,95.0,13.0
,,450.0,6690.0,-10.8,51.0,90.0,15.0
,,400.0,7586.0,-15.9,51.0,77.0,18.0
,,350.0,8580.0,-22.4,40.0,71.0,16.0
,,300.0,9692.0,-30.8,31.0,44.0,12.0
,,250.0,10958.0,-41.2,73.0,56.0,8.0
,,200.0,12433.0,-53.4,100.0,126.0,6.0
,,150.0,14215.0,-69.4,100.0,59.0,12.0
,,100.0,16576.0,-74.6,39.0,116.0,16.0
b'13.0000',b'-124.0000',1010.9,0.0,27.4,81.0,225.0,6.0
,,1000.0,95.0,26.4,81.0,225.0,6.0
,,975.0,319.0,24.5,86.0,221.0,6.0
,,950.0,547.0,23.2,82.0,189.0,4.0
,,925.0,780.0,21.8,82.0,155.0,5.0
,,900.0,1018.0,20.5,83.0,142.0,6.0
,,850.0,1511.0,18.1,84.0,138.0,6.0
,,800.0,2029.0,15.9,80.0,128.0,6.0
,,750.0,2576.0,13.0,80.0,100.0,7.0
,,700.0,3154.0,9.7,84.0,84.0,10.0
,,650.0,3767.0,6.2,86.0,79.0,13.0
,,600.0,4420.0,2.5,88.0,80.0,14.0
,,550.0,5119.0,-1.8,89.0,81.0,13.0
,,500.0,5872.0,-6.1,88.0,82.0,12.0
,,450.0,6690.0,-10.9,87.0,83.0,13.0
,,400.0,7586.0,-16.1,82.0,82.0,18.0
,,350.0,8579.0,-22.6,77.0,79.0,17.0
,,300.0,9691.0,-30.9,78.0,58.0,10.0
,,250.0,10957.0,-40.9,99.0,123.0,6.0
,,200.0,12432.0,-54.0,100.0,156.0,7.0
,,150.0,14210.0,-69.4,100.0,4.0,12.0
,,100.0,16575.0,-75.0,42.0,116.0,19.0
b'13.0000',b'-123.0000',1010.9,0.0,27.7,77.0,193.0,4.0
,,1000.0,96.0,26.8,75.0,193.0,4.0
,,975.0,320.0,24.7,81.0,190.0,4.0
,,950.0,548.0,23.2,80.0,179.0,4.0
,,925.0,781.0,21.8,81.0,171.0,5.0
,,900.0,1019.0,20.5,82.0,164.0,5.0
,,850.0,1511.0,18.0,82.0,152.0,4.0
,,800.0,2030.0,15.6,81.0,120.0,5.0
,,750.0,2576.0,12.8,82.0,98.0,8.0
,,700.0,3154.0,9.7,83.0,82.0,11.0
,,650.0,3767.0,6.4,82.0,76.0,13.0
,,600.0,4420.0,2.5,83.0,76.0,14.0
,,550.0,5119.0,-1.8,86.0,77.0,13.0
,,500.0,5872.0,-6.1,85.0,75.0,13.0
,,450.0,6690.0,-10.9,86.0,78.0,16.0
,,400.0,7585.0,-16.3,89.0,83.0,18.0
,,350.0,8578.0,-22.7,87.0,85.0,17.0
,,300.0,9690.0,-30.8,96.0,102.0,13.0
,,250.0,10958.0,-40.7,100.0,148.0,15.0
,,200.0,12430.0,-54.8,100.0,160.0,4.0
,,150.0,14204.0,-69.1,100.0,347.0,12.0
,,100.0,16575.0,-75.7,48.0,112.0,20.0
b'13.0000',b'-122.0000',1011.0,0.0,27.9,76.0,174.0,3.0
,,1000.0,97.0,26.9,74.0,174.0,4.0
,,975.0,321.0,24.8,81.0,174.0,4.0
,,950.0,549.0,23.0,83.0,171.0,3.0
,,925.0,781.0,21.6,82.0,165.0,3.0
,,900.0,1019.0,20.2,83.0,153.0,3.0
,,850.0,1512.0,18.0,82.0,123.0,5.0
,,800.0,2030.0,15.7,80.0,108.0,8.0
,,750.0,2576.0,12.9,80.0,92.0,9.0
,,700.0,3154.0,9.7,81.0,76.0,11.0
,,650.0,3767.0,6.2,78.0,67.0,13.0
,,600.0,4420.0,2.6,76.0,68.0,14.0
,,550.0,5119.0,-1.8,74.0,73.0,13.0
,,500.0,5871.0,-6.2,71.0,72.0,16.0
,,450.0,6688.0,-11.0,79.0,75.0,19.0
,,400.0,7584.0,-16.3,96.0,84.0,19.0
,,350.0,8577.0,-22.6,100.0,96.0,19.0
,,300.0,9690.0,-30.6,99.0,118.0,19.0
,,250.0,10957.0,-41.2,100.0,141.0,10.0
,,200.0,12427.0,-54.7,100.0,67.0,2.0
,,150.0,14205.0,-68.5,97.0,35.0,8.0
,,100.0,16576.0,-75.9,50.0,109.0,18.0
b'13.0000',b'-121.0000',1011.2,0.0,27.9,74.0,138.0,2.0
,,1000.0,98.0,26.9,74.0,137.0,2.0
,,975.0,322.0,24.7,82.0,133.0,2.0
,,950.0,550.0,22.7,89.0,127.0,2.0
,,925.0,782.0,21.4,84.0,128.0,3.0
,,900.0,1020.0,20.1,83.0,126.0,3.0
,,850.0,1513.0,17.8,82.0,113.0,6.0
,,800.0,2030.0,15.5,80.0,99.0,8.0
,,750.0,2576.0,12.7,79.0,84.0,10.0
,,700.0,3154.0,9.5,80.0,72.0,12.0
,,650.0,3766.0,6.2,78.0,67.0,15.0
,,600.0,4418.0,2.5,78.0,68.0,15.0
,,550.0,5117.0,-1.8,80.0,74.0,15.0
,,500.0,5870.0,-6.2,77.0,77.0,17.0
,,450.0,6687.0,-10.8,81.0,80.0,19.0
,,400.0,7584.0,-16.0,97.0,98.0,18.0
,,350.0,8578.0,-22.4,100.0,120.0,15.0
,,300.0,9692.0,-30.8,98.0,119.0,12.0
,,250.0,10958.0,-41.3,91.0,136.0,8.0
,,200.0,12428.0,-54.5,87.0,104.0,9.0
,,150.0,14204.0,-69.1,95.0,71.0,12.0
,,100.0,16578.0,-75.7,48.0,109.0,17.0
b'13.0000',b'-120.0000',1011.3,0.0,27.5,75.0,114.0,2.0
,,1000.0,99.0,26.5,76.0,112.0,2.0
,,975.0,323.0,24.8,78.0,105.0,2.0
,,950.0,551.0,23.2,77.0,112.0,3.0
,,925.0,784.0,21.6,79.0,113.0,4.0
,,900.0,1021.0,20.0,82.0,107.0,5.0
,,850.0,1513.0,17.5,85.0,95.0,7.0
,,800.0,2031.0,15.1,86.0,86.0,9.0
,,750.0,2576.0,12.2,87.0,81.0,11.0
,,700.0,3153.0,9.1,87.0,75.0,13.0
,,650.0,3764.0,5.9,85.0,69.0,15.0
,,600.0,4417.0,2.5,85.0,71.0,16.0
,,550.0,5116.0,-1.9,92.0,76.0,17.0
,,500.0,5868.0,-6.2,96.0,75.0,18.0
,,450.0,6687.0,-10.6,97.0,76.0,17.0
,,400.0,7584.0,-15.8,100.0,87.0,15.0
,,350.0,8579.0,-22.2,100.0,108.0,13.0
,,300.0,9693.0,-30.8,100.0,115.0,15.0
,,250.0,10958.0,-41.4,100.0,102.0,10.0
,,200.0,12428.0,-54.5,100.0,121.0,8.0
,,150.0,14202.0,-69.6,100.0,84.0,13.0
,,100.0,16578.0,-75.3,45.0,105.0,16.0
b'13.0000',b'-119.0000',1011.3,0.0,27.6,73.0,124.0,0.0
,,1000.0,100.0,26.6,75.0,127.0,0.0
,,975.0,323.0,24.6,81.0,122.0,1.0
,,950.0,551.0,23.1,80.0,98.0,2.0
,,925.0,784.0,21.5,80.0,87.0,4.0
,,900.0,1021.0,20.1,82.0,85.0,6.0
,,850.0,1513.0,17.5,83.0,85.0,8.0
,,800.0,2031.0,15.1,81.0,81.0,12.0
,,750.0,2576.0,12.2,79.0,81.0,16.0
,,700.0,3152.0,8.9,83.0,83.0,18.0
,,650.0,3763.0,5.8,87.0,85.0,16.0
,,600.0,4415.0,2.2,92.0,89.0,16.0
,,550.0,5114.0,-1.9,98.0,87.0,18.0
,,500.0,5867.0,-5.9,99.0,84.0,19.0
,,450.0,6686.0,-10.6,100.0,81.0,18.0
,,400.0,7584.0,-15.8,100.0,87.0,18.0
,,350.0,8578.0,-22.3,100.0,109.0,16.0
,,300.0,9693.0,-30.6,100.0,117.0,10.0
,,250.0,10958.0,-41.4,100.0,105.0,8.0
,,200.0,12429.0,-54.4,100.0,117.0,10.0
,,150.0,14203.0,-69.6,100.0,84.0,12.0
,,100.0,16577.0,-74.9,43.0,97.0,17.0
b'13.0000',b'-118.0000',1011.0,0.0,27.4,80.0,94.0,7.0
,,1000.0,97.0,26.6,78.0,94.0,8.0
,,975.0,320.0,24.9,79.0,95.0,9.0
,,950.0,548.0,23.7,74.0,97.0,10.0
,,925.0,782.0,22.2,75.0,99.0,12.0
,,900.0,1020.0,20.9,76.0,101.0,12.0
,,850.0,1513.0,18.1,78.0,94.0,11.0
,,800.0,2031.0,15.4,76.0,88.0,12.0
,,750.0,2576.0,12.2,76.0,92.0,16.0
,,700.0,3152.0,8.9,82.0,97.0,18.0
,,650.0,3763.0,5.6,87.0,108.0,18.0
,,600.0,4415.0,2.2,88.0,117.0,20.0
,,550.0,5114.0,-1.6,91.0,108.0,20.0
,,500.0,5868.0,-5.9,94.0,87.0,18.0
,,450.0,6687.0,-10.5,95.0,88.0,18.0
,,400.0,7585.0,-16.0,99.0,101.0,16.0
,,350.0,8579.0,-22.4,93.0,112.0,15.0
,,300.0,9692.0,-30.7,97.0,117.0,14.0
,,250.0,10959.0,-41.2,100.0,128.0,9.0
,,200.0,12431.0,-54.1,100.0,149.0,6.0
,,150.0,14206.0,-69.8,100.0,82.0,9.0
,,100.0,16577.0,-74.6,40.0,93.0,19.0
b'13.0000',b'-117.0000',1011.0,0.0,27.6,82.0,106.0,9.0
,,1000.0,96.0,26.5,81.0,105.0,10.0
,,975.0,320.0,24.5,87.0,104.0,10.0
,,950.0,548.0,22.9,88.0,99.0,12.0
,,925.0,781.0,21.6,87.0,99.0,14.0
,,900.0,1019.0,20.5,86.0,101.0,14.0
,,850.0,1512.0,17.9,88.0,102.0,14.0
,,800.0,2030.0,15.9,74.0,99.0,15.0
,,750.0,2577.0,12.9,69.0,105.0,16.0
,,700.0,3154.0,9.5,70.0,119.0,17.0
,,650.0,3765.0,6.1,66.0,131.0,20.0
,,600.0,4417.0,2.5,69.0,128.0,20.0
,,550.0,5116.0,-1.9,88.0,114.0,18.0
,,500.0,5869.0,-6.2,97.0,97.0,19.0
,,450.0,6688.0,-10.2,90.0,91.0,16.0
,,400.0,7587.0,-15.6,90.0,101.0,13.0
,,350.0,8581.0,-22.6,93.0,106.0,11.0
,,300.0,9694.0,-30.6,84.0,99.0,16.0
,,250.0,10959.0,-41.5,87.0,129.0,13.0
,,200.0,12429.0,-54.5,100.0,165.0,5.0
,,150.0,14206.0,-69.1,100.0,50.0,8.0
,,100.0,16575.0,-74.6,41.0,90.0,22.0
b'13.0000',b'-116.0000',1011.2,0.0,27.8,81.0,123.0,8.0
,,1000.0,98.0,26.7,80.0,122.0,9.0
,,975.0,322.0,24.6,87.0,121.0,9.0
,,950.0,550.0,22.9,90.0,114.0,9.0
,,925.0,783.0,21.6,87.0,105.0,11.0
,,900.0,1021.0,20.2,87.0,103.0,11.0
,,850.0,1514.0,17.4,91.0,101.0,13.0
,,800.0,2032.0,16.0,70.0,94.0,13.0
,,750.0,2578.0,12.8,69.0,105.0,12.0
,,700.0,3154.0,9.0,68.0,126.0,15.0
,,650.0,3765.0,6.0,61.0,132.0,21.0
,,600.0,4417.0,3.0,57.0,124.0,21.0
,,550.0,5117.0,-1.8,76.0,114.0,18.0
,,500.0,5870.0,-6.3,92.0,102.0,17.0
,,450.0,6688.0,-10.5,93.0,86.0,16.0
,,400.0,7586.0,-15.8,90.0,85.0,13.0
,,350.0,8580.0,-22.4,99.0,92.0,12.0
,,300.0,9694.0,-30.6,99.0,78.0,14.0
,,250.0,10958.0,-41.9,89.0,108.0,13.0
,,200.0,12426.0,-54.4,53.0,33.0,0.0
,,150.0,14205.0,-68.8,84.0,37.0,11.0
,,100.0,16573.0,-74.9,43.0,87.0,23.0
b'13.0000',b'-115.0000',1011.3,0.0,27.9,79.0,145.0,7.0
,,1000.0,99.0,26.8,79.0,145.0,8.0
,,975.0,323.0,24.6,87.0,142.0,8.0
,,950.0,551.0,22.6,94.0,136.0,8.0
,,925.0,784.0,21.4,90.0,116.0,8.0
,,900.0,1022.0,20.2,87.0,108.0,10.0
,,850.0,1514.0,18.2,77.0,104.0,11.0
,,800.0,2033.0,16.0,65.0,101.0,11.0
,,750.0,2579.0,12.9,62.0,109.0,12.0
,,700.0,3155.0,9.2,63.0,123.0,16.0
,,650.0,3766.0,6.2,58.0,125.0,21.0
,,600.0,4419.0,3.2,55.0,119.0,21.0
,,550.0,5119.0,-1.8,77.0,114.0,18.0
,,500.0,5871.0,-6.5,86.0,112.0,17.0
,,450.0,6688.0,-10.8,97.0,91.0,17.0
,,400.0,7586.0,-15.8,99.0,85.0,20.0
,,350.0,8580.0,-22.4,100.0,89.0,15.0
,,300.0,9693.0,-30.7,99.0,81.0,12.0
,,250.0,10957.0,-42.0,99.0,87.0,7.0
,,200.0,12425.0,-54.6,68.0,65.0,7.0
,,150.0,14206.0,-68.1,71.0,46.0,13.0
,,100.0,16572.0,-75.5,50.0,84.0,22.0
b'13.0000',b'-114.0000',1011.4,0.0,27.9,78.0,161.0,7.0
,,1000.0,100.0,26.8,78.0,161.0,7.0
,,975.0,324.0,24.6,86.0,158.0,7.0
,,950.0,552.0,22.5,96.0,153.0,6.0
,,925.0,784.0,21.1,93.0,125.0,7.0
,,900.0,1022.0,20.2,85.0,113.0,8.0
,,850.0,1515.0,18.2,73.0,107.0,10.0
,,800.0,2033.0,15.9,68.0,104.0,10.0
,,750.0,2580.0,12.9,67.0,108.0,10.0
,,700.0,3156.0,9.2,70.0,114.0,13.0
,,650.0,3767.0,6.1,66.0,116.0,16.0
,,600.0,4420.0,2.9,60.0,112.0,19.0
,,550.0,5119.0,-1.6,69.0,109.0,19.0
,,500.0,5872.0,-6.2,80.0,114.0,17.0
,,450.0,6690.0,-10.8,82.0,100.0,16.0
,,400.0,7586.0,-16.1,93.0,90.0,21.0
,,350.0,8580.0,-22.3,90.0,90.0,14.0
,,300.0,9694.0,-30.8,84.0,85.0,9.0
,,250.0,10958.0,-41.7,100.0,43.0,6.0
,,200.0,12425.0,-55.0,84.0,51.0,9.0
,,150.0,14204.0,-68.2,83.0,55.0,16.0
,,100.0,16575.0,-75.7,53.0,89.0,18.0
b'13.0000',b'-113.0000',1011.5,0.0,28.0,77.0,176.0,5.0
,,1000.0,101.0,26.9,78.0,176.0,5.0
,,975.0,325.0,24.7,86.0,174.0,5.0
,,950.0,553.0,22.5,95.0,167.0,4.0
,,925.0,785.0,20.9,96.0,140.0,5.0
,,900.0,1023.0,20.2,82.0,123.0,7.0
,,850.0,1516.0,18.2,77.0,112.0,9.0
,,800.0,2034.0,15.9,70.0,105.0,9.0
,,750.0,2580.0,12.9,71.0,97.0,8.0
,,700.0,3157.0,9.2,75.0,95.0,9.0
,,650.0,3769.0,6.1,65.0,108.0,13.0
,,600.0,4421.0,2.8,52.0,108.0,18.0
,,550.0,5120.0,-1.6,58.0,104.0,19.0
,,500.0,5872.0,-6.1,68.0,115.0,16.0
,,450.0,6690.0,-10.6,79.0,106.0,12.0
,,400.0,7587.0,-16.3,87.0,93.0,18.0
,,350.0,8581.0,-22.3,76.0,100.0,11.0
,,300.0,9694.0,-30.9,81.0,84.0,6.0
,,250.0,10958.0,-41.7,95.0,45.0,8.0
,,200.0,12426.0,-54.8,97.0,22.0,12.0
,,150.0,14202.0,-68.7,98.0,63.0,17.0
,,100.0,16578.0,-75.2,44.0,92.0,17.0
b'13.0000',b'-112.0000',1011.5,0.0,27.9,76.0,176.0,3.0
,,1000.0,101.0,26.9,78.0,175.0,3.0
,,975.0,325.0,24.7,86.0,173.0,3.0
,,950.0,553.0,22.5,95.0,166.0,3.0
,,925.0,785.0,21.1,94.0,131.0,4.0
,,900.0,1023.0,20.2,88.0,113.0,6.0
,,850.0,1516.0,18.1,81.0,101.0,6.0
,,800.0,2034.0,15.7,74.0,89.0,6.0
,,750.0,2580.0,12.8,75.0,80.0,8.0
,,700.0,3157.0,9.4,75.0,91.0,10.0
,,650.0,3769.0,6.4,67.0,104.0,15.0
,,600.0,4422.0,2.7,69.0,103.0,18.0
,,550.0,5121.0,-1.8,77.0,102.0,17.0
,,500.0,5873.0,-5.9,69.0,114.0,14.0
,,450.0,6691.0,-10.8,77.0,116.0,9.0
,,400.0,7588.0,-16.5,94.0,85.0,14.0
,,350.0,8580.0,-22.4,68.0,90.0,12.0
,,300.0,9693.0,-30.9,69.0,68.0,5.0
,,250.0,10957.0,-41.7,96.0,32.0,9.0
,,200.0,12426.0,-54.5,98.0,11.0,14.0
,,150.0,14204.0,-69.1,100.0,56.0,15.0
,,100.0,16577.0,-74.5,34.0,94.0,19.0
b'13.0000',b'-111.0000',1011.4,0.0,27.9,75.0,111.0,2.0
,,1000.0,101.0,26.9,78.0,110.0,2.0
,,975.0,324.0,24.7,86.0,104.0,2.0
,,950.0,552.0,22.8,90.0,92.0,2.0
,,925.0,785.0,21.5,84.0,85.0,3.0
,,900.0,1023.0,20.2,80.0,86.0,5.0
,,850.0,1516.0,18.0,78.0,79.0,6.0
,,800.0,2034.0,15.6,77.0,72.0,7.0
,,750.0,2580.0,12.8,74.0,77.0,10.0
,,700.0,3157.0,9.7,74.0,91.0,12.0
,,650.0,3770.0,6.4,72.0,101.0,15.0
,,600.0,4422.0,2.4,77.0,102.0,17.0
,,550.0,5121.0,-2.0,84.0,105.0,17.0
,,500.0,5873.0,-6.1,84.0,112.0,12.0
,,450.0,6691.0,-10.8,81.0,117.0,8.0
,,400.0,7587.0,-16.4,92.0,97.0,9.0
,,350.0,8580.0,-22.6,83.0,83.0,11.0
,,300.0,9692.0,-31.0,81.0,77.0,8.0
,,250.0,10956.0,-41.6,91.0,28.0,10.0
,,200.0,12426.0,-54.2,100.0,9.0,13.0
,,150.0,14205.0,-69.3,100.0,39.0,12.0
,,100.0,16575.0,-74.5,34.0,95.0,21.0
b'13.0000',b'-110.0000',1011.4,0.0,28.1,74.0,65.0,2.0
,,1000.0,100.0,27.0,76.0,62.0,2.0
,,975.0,324.0,24.8,83.0,57.0,3.0
,,950.0,552.0,22.9,88.0,53.0,4.0
,,925.0,785.0,21.5,86.0,59.0,4.0
,,900.0,1023.0,20.2,83.0,64.0,4.0
,,850.0,1515.0,17.9,82.0,59.0,5.0
,,800.0,2033.0,15.5,78.0,68.0,8.0
,,750.0,2579.0,12.9,72.0,79.0,11.0
,,700.0,3157.0,10.1,65.0,95.0,14.0
,,650.0,3770.0,6.9,55.0,103.0,17.0
,,600.0,4423.0,2.6,57.0,104.0,16.0
,,550.0,5121.0,-1.9,65.0,108.0,15.0
,,500.0,5873.0,-6.2,78.0,115.0,13.0
,,450.0,6691.0,-10.8,82.0,115.0,8.0
,,400.0,7588.0,-16.3,87.0,113.0,8.0
,,350.0,8580.0,-22.8,89.0,92.0,8.0
,,300.0,9692.0,-30.9,71.0,70.0,8.0
,,250.0,10956.0,-41.6,87.0,22.0,9.0
,,200.0,12427.0,-54.2,98.0,5.0,15.0
,,150.0,14205.0,-69.3,100.0,13.0,13.0
,,100.0,16574.0,-74.6,34.0,95.0,21.0
b'13.0000',b'-109.0000',1011.2,0.0,28.5,73.0,60.0,4.0
,,1000.0,99.0,27.2,74.0,58.0,4.0
,,975.0,323.0,25.2,82.0,56.0,5.0
,,950.0,551.0,23.0,91.0,53.0,5.0
,,925.0,784.0,21.0,96.0,50.0,5.0
,,900.0,1022.0,20.2,87.0,49.0,5.0
,,850.0,1514.0,18.1,78.0,65.0,6.0
,,800.0,2033.0,15.9,71.0,74.0,9.0
,,750.0,2579.0,13.2,64.0,86.0,11.0
,,700.0,3158.0,10.5,49.0,100.0,14.0
,,650.0,3771.0,7.0,41.0,100.0,16.0
,,600.0,4423.0,2.7,38.0,100.0,16.0
,,550.0,5121.0,-1.8,38.0,107.0,15.0
,,500.0,5873.0,-6.2,55.0,118.0,13.0
,,450.0,6691.0,-10.8,72.0,119.0,9.0
,,400.0,7587.0,-16.1,76.0,120.0,8.0
,,350.0,8580.0,-22.7,87.0,86.0,8.0
,,300.0,9692.0,-30.8,58.0,52.0,7.0
,,250.0,10957.0,-41.6,59.0,19.0,5.0
,,200.0,12427.0,-54.3,76.0,360.0,15.0
,,150.0,14205.0,-69.3,100.0,7.0,13.0
,,100.0,16574.0,-74.6,31.0,94.0,21.0
b'13.0000',b'-108.0000',1011.1,0.0,28.5,72.0,51.0,4.0
,,1000.0,98.0,27.4,73.0,50.0,4.0
,,975.0,322.0,25.2,80.0,49.0,4.0
,,950.0,550.0,23.0,89.0,47.0,4.0
,,925.0,783.0,21.1,94.0,46.0,4.0
,,900.0,1021.0,19.9,89.0,50.0,5.0
,,850.0,1513.0,18.5,71.0,72.0,7.0
,,800.0,2032.0,16.4,63.0,88.0,9.0
,,750.0,2580.0,13.7,53.0,97.0,11.0
,,700.0,3158.0,10.6,48.0,98.0,14.0
,,650.0,3771.0,6.9,41.0,92.0,15.0
,,600.0,4424.0,2.7,36.0,92.0,15.0
,,550.0,5121.0,-1.8,37.0,102.0,14.0
,,500.0,5873.0,-6.2,47.0,111.0,13.0
,,450.0,6690.0,-10.8,63.0,116.0,10.0
,,400.0,7587.0,-15.9,66.0,124.0,8.0
,,350.0,8580.0,-22.4,74.0,102.0,6.0
,,300.0,9693.0,-31.3,91.0,54.0,8.0
,,250.0,10956.0,-41.7,83.0,27.0,5.0
,,200.0,12427.0,-54.1,67.0,354.0,10.0
,,150.0,14205.0,-69.3,100.0,6.0,10.0
,,100.0,16574.0,-74.6,27.0,92.0,21.0
b'13.0000',b'-107.0000',1011.0,0.0,28.6,70.0,48.0,3.0
,,1000.0,97.0,27.5,71.0,47.0,3.0
,,975.0,321.0,25.4,79.0,46.0,3.0
,,950.0,550.0,23.2,88.0,46.0,3.0
,,925.0,783.0,21.0,96.0,47.0,4.0
,,900.0,1020.0,20.2,82.0,60.0,4.0
,,850.0,1514.0,18.7,68.0,90.0,6.0
,,800.0,2033.0,16.4,59.0,96.0,9.0
,,750.0,2580.0,13.6,58.0,94.0,12.0
,,700.0,3158.0,10.2,57.0,89.0,15.0
,,650.0,3771.0,6.8,45.0,82.0,14.0
,,600.0,4423.0,2.6,43.0,83.0,14.0
,,550.0,5121.0,-1.9,44.0,96.0,13.0
,,500.0,5872.0,-6.2,51.0,104.0,12.0
,,450.0,6690.0,-10.6,58.0,107.0,10.0
,,400.0,7587.0,-15.8,56.0,108.0,7.0
,,350.0,8581.0,-22.3,63.0,103.0,4.0
,,300.0,9694.0,-31.0,58.0,47.0,7.0
,,250.0,10957.0,-41.7,98.0,16.0,6.0
,,200.0,12426.0,-54.2,94.0,45.0,3.0
,,150.0,14206.0,-69.3,100.0,9.0,5.0
,,100.0,16574.0,-74.6,26.0,90.0,20.0
b'13.0000',b'-106.0000',1011.0,0.0,28.7,68.0,48.0,2.0
,,1000.0,97.0,27.7,69.0,48.0,2.0
,,975.0,321.0,25.5,76.0,48.0,3.0
,,950.0,550.0,23.4,84.0,48.0,3.0
,,925.0,783.0,21.7,84.0,55.0,3.0
,,900.0,1021.0,20.9,74.0,77.0,2.0
,,850.0,1514.0,18.7,69.0,94.0,5.0
,,800.0,2033.0,16.2,65.0,91.0,9.0
,,750.0,2580.0,13.2,68.0,86.0,12.0
,,700.0,3157.0,10.0,62.0,80.0,14.0
,,650.0,3770.0,6.6,52.0,73.0,14.0
,,600.0,4422.0,2.5,51.0,74.0,13.0
,,550.0,5120.0,-1.8,49.0,88.0,13.0
,,500.0,5872.0,-6.2,52.0,98.0,12.0
,,450.0,6689.0,-10.4,53.0,94.0,9.0
,,400.0,7587.0,-15.8,58.0,87.0,7.0
,,350.0,8581.0,-22.4,59.0,56.0,4.0
,,300.0,9693.0,-31.1,58.0,35.0,5.0
,,250.0,10957.0,-41.8,71.0,29.0,8.0
,,200.0,12427.0,-54.1,100.0,24.0,2.0
,,150.0,14206.0,-69.2,100.0,44.0,2.0
,,100.0,16574.0,-74.8,27.0,88.0,20.0
b'13.0000',b'-105.0000',1010.9,0.0,28.9,67.0,6.0,3.0
,,1000.0,96.0,27.9,68.0,6.0,3.0
,,975.0,321.0,25.7,75.0,9.0,3.0
,,950.0,549.0,23.5,84.0,12.0,3.0
,,925.0,782.0,21.9,85.0,27.0,3.0
,,900.0,1021.0,20.9,77.0,56.0,3.0
,,850.0,1515.0,18.6,74.0,85.0,6.0
,,800.0,2033.0,16.1,71.0,83.0,10.0
,,750.0,2580.0,12.9,72.0,77.0,12.0
,,700.0,3157.0,9.8,63.0,70.0,13.0
,,650.0,3769.0,6.4,54.0,67.0,14.0
,,600.0,4421.0,2.5,50.0,67.0,13.0
,,550.0,5119.0,-1.8,49.0,74.0,12.0
,,500.0,5871.0,-6.0,47.0,83.0,12.0
,,450.0,6688.0,-10.5,45.0,81.0,10.0
,,400.0,7586.0,-15.6,43.0,71.0,9.0
,,350.0,8580.0,-22.6,61.0,36.0,6.0
,,300.0,9692.0,-31.1,71.0,26.0,3.0
,,250.0,10956.0,-41.4,83.0,52.0,7.0
,,200.0,12427.0,-54.2,100.0,47.0,2.0
,,150.0,14205.0,-69.4,100.0,0.0,2.0
,,100.0,16575.0,-74.8,25.0,89.0,17.0
b'13.0000',b'-104.0000',1010.8,0.0,29.1,68.0,348.0,3.0
,,1000.0,96.0,28.1,68.0,349.0,4.0
,,975.0,320.0,25.9,75.0,352.0,4.0
,,950.0,549.0,23.7,84.0,356.0,3.0
,,925.0,782.0,21.6,91.0,6.0,3.0
,,900.0,1020.0,20.6,88.0,63.0,3.0
,,850.0,1514.0,18.9,75.0,94.0,8.0
,,800.0,2034.0,16.1,73.0,81.0,11.0
,,750.0,2580.0,12.9,71.0,72.0,11.0
,,700.0,3157.0,9.5,66.0,68.0,13.0
,,650.0,3768.0,6.1,56.0,66.0,15.0
,,600.0,4420.0,2.4,47.0,65.0,14.0
,,550.0,5117.0,-1.9,50.0,69.0,13.0
,,500.0,5869.0,-6.1,47.0,75.0,12.0
,,450.0,6687.0,-10.4,39.0,73.0,10.0
,,400.0,7585.0,-15.6,27.0,53.0,7.0
,,350.0,8579.0,-22.5,43.0,28.0,9.0
,,300.0,9690.0,-31.0,67.0,9.0,4.0
,,250.0,10955.0,-41.3,86.0,70.0,4.0
,,200.0,12428.0,-54.0,89.0,93.0,3.0
,,150.0,14206.0,-69.4,100.0,323.0,1.0
,,100.0,16575.0,-74.6,23.0,92.0,15.0
b'13.0000',b'-103.0000',1010.8,0.0,29.0,71.0,322.0,4.0
,,1000.0,95.0,27.9,72.0,323.0,4.0
,,975.0,320.0,25.8,79.0,327.0,4.0
,,950.0,549.0,23.7,87.0,332.0,5.0
,,925.0,782.0,22.0,86.0,353.0,3.0
,,900.0,1020.0,21.2,74.0,85.0,4.0
,,850.0,1514.0,18.7,71.0,84.0,10.0
,,800.0,2033.0,15.8,73.0,72.0,12.0
,,750.0,2579.0,12.6,73.0,67.0,12.0
,,700.0,3155.0,9.4,70.0,69.0,15.0
,,650.0,3767.0,6.2,59.0,71.0,18.0
,,600.0,4419.0,2.6,47.0,68.0,17.0
,,550.0,5117.0,-1.9,49.0,67.0,14.0
,,500.0,5869.0,-6.3,52.0,73.0,11.0
,,450.0,6686.0,-10.6,47.0,73.0,10.0
,,400.0,7583.0,-15.8,37.0,60.0,7.0
,,350.0,8576.0,-22.3,34.0,22.0,9.0
,,300.0,9689.0,-30.9,67.0,17.0,6.0
,,250.0,10955.0,-41.1,78.0,78.0,3.0
,,200.0,12429.0,-53.9,99.0,121.0,5.0
,,150.0,14207.0,-69.5,100.0,135.0,2.0
,,100.0,16575.0,-74.2,20.0,92.0,14.0
b'13.0000',b'-102.0000',1010.9,0.0,28.7,73.0,337.0,5.0
,,1000.0,96.0,27.6,73.0,338.0,5.0
,,975.0,321.0,25.8,75.0,343.0,5.0
,,950.0,550.0,24.2,72.0,3.0,5.0
,,925.0,783.0,22.8,71.0,34.0,5.0
,,900.0,1022.0,21.1,72.0,53.0,8.0
,,850.0,1515.0,18.2,76.0,65.0,13.0
,,800.0,2033.0,15.4,78.0,68.0,14.0
,,750.0,2578.0,12.4,78.0,66.0,15.0
,,700.0,3154.0,9.2,78.0,65.0,18.0
,,650.0,3766.0,6.0,73.0,67.0,19.0
,,600.0,4418.0,2.5,64.0,69.0,18.0
,,550.0,5116.0,-1.8,58.0,71.0,16.0
,,500.0,5867.0,-7.2,74.0,72.0,13.0
,,450.0,6682.0,-11.3,72.0,66.0,9.0
,,400.0,7578.0,-16.2,68.0,40.0,6.0
,,350.0,8571.0,-22.5,74.0,13.0,8.0
,,300.0,9684.0,-30.5,84.0,14.0,8.0
,,250.0,10953.0,-40.7,97.0,33.0,5.0
,,200.0,12429.0,-53.5,100.0,82.0,5.0
,,150.0,14208.0,-69.9,100.0,124.0,4.0
,,100.0,16574.0,-73.8,18.0,89.0,14.0
b'13.0000',b'-101.0000',1010.9,0.0,29.1,65.0,344.0,5.0
,,1000.0,97.0,28.2,64.0,345.0,5.0
,,975.0,321.0,26.4,65.0,355.0,5.0
,,950.0,550.0,24.8,66.0,15.0,6.0
,,925.0,784.0,23.0,69.0,35.0,8.0
,,900.0,1023.0,21.2,73.0,49.0,10.0
,,850.0,1516.0,17.8,81.0,65.0,13.0
,,800.0,2033.0,14.8,86.0,71.0,14.0
,,750.0,2578.0,11.7,90.0,71.0,14.0
,,700.0,3153.0,8.6,92.0,71.0,17.0
,,650.0,3764.0,5.4,90.0,74.0,18.0
,,600.0,4415.0,2.1,86.0,77.0,18.0
,,550.0,5114.0,-1.8,80.0,73.0,14.0
,,500.0,5866.0,-6.5,78.0,62.0,11.0
,,450.0,6682.0,-11.4,85.0,52.0,10.0
,,400.0,7578.0,-16.1,76.0,43.0,9.0
,,350.0,8571.0,-22.6,86.0,32.0,9.0
,,300.0,9684.0,-30.6,98.0,20.0,10.0
,,250.0,10952.0,-40.4,100.0,11.0,8.0
,,200.0,12430.0,-53.4,100.0,53.0,2.0
,,150.0,14209.0,-70.0,100.0,84.0,3.0
,,100.0,16576.0,-73.8,18.0,92.0,12.0
b'13.0000',b'-100.0000',1010.9,0.0,29.0,67.0,26.0,5.0
,,1000.0,96.0,28.1,64.0,26.0,6.0
,,975.0,321.0,26.6,64.0,31.0,7.0
,,950.0,550.0,24.9,66.0,44.0,8.0
,,925.0,784.0,23.1,69.0,60.0,10.0
,,900.0,1023.0,21.2,73.0,71.0,12.0
,,850.0,1516.0,17.7,82.0,81.0,13.0
,,800.0,2033.0,14.8,86.0,85.0,13.0
,,750.0,2578.0,12.0,87.0,88.0,14.0
,,700.0,3154.0,8.8,87.0,89.0,15.0
,,650.0,3764.0,5.2,89.0,90.0,17.0
,,600.0,4415.0,1.4,94.0,85.0,17.0
,,550.0,5111.0,-2.5,95.0,66.0,16.0
,,500.0,5863.0,-6.8,98.0,40.0,15.0
,,450.0,6679.0,-11.3,99.0,29.0,12.0
,,400.0,7575.0,-16.3,99.0,37.0,10.0
,,350.0,8568.0,-22.4,100.0,30.0,8.0
,,300.0,9683.0,-30.2,100.0,25.0,7.0
,,250.0,10952.0,-40.6,100.0,29.0,8.0
,,200.0,12429.0,-53.4,100.0,360.0,7.0
,,150.0,14209.0,-70.1,100.0,344.0,4.0
,,100.0,16574.0,-73.5,18.0,84.0,17.0
b'13.0000',b'-99.0000',1010.8,0.0,29.2,70.0,39.0,10.0
,,1000.0,95.0,28.2,66.0,40.0,11.0
,,975.0,320.0,26.2,69.0,41.0,11.0
,,950.0,549.0,24.5,71.0,51.0,12.0
,,925.0,782.0,23.0,70.0,71.0,12.0
,,900.0,1021.0,21.2,72.0,87.0,11.0
,,850.0,1515.0,18.1,79.0,104.0,11.0
,,800.0,2032.0,15.2,82.0,108.0,12.0
,,750.0,2578.0,12.1,83.0,105.0,14.0
,,700.0,3154.0,8.9,80.0,101.0,16.0
,,650.0,3764.0,5.5,79.0,95.0,17.0
,,600.0,4415.0,1.2,91.0,78.0,17.0
,,550.0,5111.0,-2.6,94.0,62.0,18.0
,,500.0,5862.0,-6.8,97.0,57.0,16.0
,,450.0,6679.0,-11.1,98.0,51.0,13.0
,,400.0,7575.0,-16.1,98.0,45.0,11.0
,,350.0,8569.0,-22.5,99.0,38.0,8.0
,,300.0,9682.0,-30.5,98.0,18.0,7.0
,,250.0,10950.0,-40.7,100.0,15.0,7.0
,,200.0,12428.0,-53.4,100.0,353.0,10.0
,,150.0,14207.0,-69.7,100.0,314.0,5.0
,,100.0,16573.0,-73.4,21.0,84.0,19.0
b'13.0000',b'-98.0000',1010.5,0.0,29.7,69.0,68.0,8.0
,,1000.0,93.0,28.7,65.0,68.0,9.0
,,975.0,318.0,26.6,70.0,69.0,9.0
,,950.0,547.0,24.5,75.0,71.0,9.0
,,925.0,781.0,23.0,72.0,84.0,9.0
,,900.0,1020.0,21.5,73.0,93.0,10.0
,,850.0,1514.0,18.4,78.0,101.0,13.0
,,800.0,2032.0,15.7,78.0,105.0,15.0
,,750.0,2578.0,12.5,72.0,104.0,17.0
,,700.0,3154.0,9.2,62.0,101.0,18.0
,,650.0,3765.0,6.2,55.0,93.0,18.0
,,600.0,4416.0,1.7,69.0,81.0,14.0
,,550.0,5112.0,-2.8,84.0,73.0,15.0
,,500.0,5862.0,-6.9,89.0,72.0,15.0
,,450.0,6679.0,-11.1,87.0,65.0,15.0
,,400.0,7575.0,-16.2,89.0,68.0,13.0
,,350.0,8568.0,-22.6,95.0,82.0,11.0
,,300.0,9681.0,-30.5,99.0,41.0,7.0
,,250.0,10949.0,-40.6,100.0,9.0,9.0
,,200.0,12425.0,-53.9,100.0,343.0,10.0
,,150.0,14203.0,-69.8,100.0,328.0,13.0
,,100.0,16574.0,-73.8,25.0,85.0,20.0
b'13.0000',b'-97.0000',1010.6,0.0,29.4,71.0,57.0,9.0
,,1000.0,93.0,28.4,68.0,57.0,10.0
,,975.0,318.0,26.2,74.0,57.0,11.0
,,950.0,547.0,24.2,78.0,58.0,11.0
,,925.0,781.0,22.7,75.0,66.0,10.0
,,900.0,1019.0,21.1,74.0,79.0,9.0
,,850.0,1513.0,18.2,75.0,97.0,12.0
,,800.0,2030.0,15.5,71.0,101.0,17.0
,,750.0,2576.0,12.6,66.0,103.0,22.0
,,700.0,3152.0,9.8,55.0,100.0,21.0
,,650.0,3764.0,6.5,44.0,90.0,18.0
,,600.0,4416.0,2.0,53.0,85.0,17.0
,,550.0,5112.0,-2.2,61.0,80.0,14.0
,,500.0,5864.0,-6.5,71.0,75.0,12.0
,,450.0,6680.0,-11.2,82.0,66.0,12.0
,,400.0,7575.0,-16.5,90.0,69.0,13.0
,,350.0,8567.0,-22.6,96.0,83.0,12.0
,,300.0,9680.0,-30.6,99.0,80.0,9.0
,,250.0,10948.0,-40.8,100.0,14.0,6.0
,,200.0,12422.0,-54.2,100.0,352.0,11.0
,,150.0,14198.0,-69.3,100.0,345.0,11.0
,,100.0,16576.0,-73.8,26.0,87.0,19.0
b'13.0000',b'-96.0000',1010.5,0.0,29.2,70.0,46.0,7.0
,,1000.0,92.0,28.2,67.0,45.0,8.0
,,975.0,317.0,26.2,71.0,45.0,9.0
,,950.0,546.0,24.7,70.0,49.0,8.0
,,925.0,780.0,23.1,68.0,66.0,7.0
,,900.0,1019.0,21.5,69.0,81.0,9.0
,,850.0,1512.0,18.1,72.0,96.0,13.0
,,800.0,2030.0,15.2,77.0,97.0,18.0
,,750.0,2576.0,12.6,73.0,96.0,21.0
,,700.0,3152.0,9.6,63.0,99.0,21.0
,,650.0,3764.0,6.2,49.0,95.0,18.0
,,600.0,4416.0,2.4,39.0,87.0,16.0
,,550.0,5112.0,-2.2,45.0,85.0,14.0
,,500.0,5863.0,-6.4,51.0,82.0,12.0
,,450.0,6680.0,-11.1,64.0,69.0,10.0
,,400.0,7575.0,-16.4,78.0,61.0,10.0
,,350.0,8567.0,-22.6,87.0,78.0,9.0
,,300.0,9680.0,-30.6,97.0,106.0,4.0
,,250.0,10947.0,-40.9,100.0,8.0,3.0
,,200.0,12422.0,-54.0,100.0,338.0,9.0
,,150.0,14198.0,-69.3,100.0,357.0,14.0
,,100.0,16576.0,-73.4,25.0,87.0,22.0
b'13.0000',b'-95.0000',1010.5,0.0,28.8,68.0,56.0,3.0
,,1000.0,92.0,27.9,67.0,55.0,3.0
,,975.0,317.0,26.4,67.0,64.0,4.0
,,950.0,546.0,24.9,66.0,73.0,6.0
,,925.0,780.0,23.2,67.0,81.0,8.0
,,900.0,1019.0,21.6,68.0,87.0,11.0
,,850.0,1512.0,18.1,75.0,87.0,15.0
,,800.0,2030.0,15.1,83.0,78.0,16.0
,,750.0,2575.0,12.2,79.0,81.0,18.0
,,700.0,3152.0,9.4,68.0,92.0,20.0
,,650.0,3763.0,6.1,59.0,97.0,18.0
,,600.0,4415.0,2.4,47.0,93.0,17.0
,,550.0,5112.0,-2.0,40.0,86.0,13.0
,,500.0,5863.0,-6.5,42.0,80.0,11.0
,,450.0,6679.0,-11.1,49.0,74.0,9.0
,,400.0,7574.0,-16.4,66.0,63.0,9.0
,,350.0,8567.0,-22.6,76.0,51.0,9.0
,,300.0,9679.0,-30.8,93.0,135.0,1.0
,,250.0,10946.0,-41.0,100.0,119.0,1.0
,,200.0,12420.0,-53.8,100.0,322.0,6.0
,,150.0,14200.0,-69.1,100.0,3.0,17.0
,,100.0,16573.0,-73.2,24.0,87.0,25.0
b'13.0000',b'-94.0000',1010.4,0.0,29.2,69.0,75.0,6.0
,,1000.0,92.0,28.4,66.0,76.0,6.0
,,975.0,317.0,26.2,73.0,78.0,7.0
,,950.0,546.0,24.2,77.0,84.0,8.0
,,925.0,779.0,23.1,70.0,96.0,12.0
,,900.0,1018.0,21.8,67.0,97.0,15.0
,,850.0,1513.0,18.6,76.0,76.0,14.0
,,800.0,2031.0,15.2,87.0,61.0,14.0
,,750.0,2576.0,12.0,85.0,70.0,16.0
,,700.0,3152.0,9.0,74.0,84.0,20.0
,,650.0,3763.0,5.9,64.0,91.0,22.0
,,600.0,4414.0,2.1,60.0,92.0,20.0
,,550.0,5111.0,-2.0,55.0,88.0,13.0
,,500.0,5863.0,-6.2,47.0,72.0,9.0
,,450.0,6680.0,-10.8,44.0,60.0,9.0
,,400.0,7575.0,-16.5,60.0,54.0,8.0
,,350.0,8566.0,-23.1,84.0,47.0,10.0
,,300.0,9677.0,-31.0,70.0,42.0,10.0
,,250.0,10943.0,-40.8,73.0,56.0,6.0
,,200.0,12419.0,-53.7,100.0,316.0,4.0
,,150.0,14200.0,-69.1,100.0,356.0,16.0
,,100.0,16572.0,-73.0,21.0,89.0,27.0
b'13.0000',b'-93.0000',1010.4,0.0,29.7,66.0,81.0,7.0
,,1000.0,92.0,28.7,63.0,82.0,8.0
,,975.0,317.0,26.5,69.0,83.0,8.0
,,950.0,546.0,24.2,75.0,85.0,9.0
,,925.0,780.0,22.8,72.0,91.0,12.0
,,900.0,1018.0,21.2,71.0,92.0,14.0
,,850.0,1512.0,18.2,77.0,80.0,15.0
,,800.0,2030.0,15.2,80.0,70.0,15.0
,,750.0,2575.0,12.2,79.0,74.0,16.0
,,700.0,3151.0,8.9,71.0,85.0,19.0
,,650.0,3762.0,6.2,60.0,88.0,22.0
,,600.0,4414.0,2.1,71.0,84.0,21.0
,,550.0,5111.0,-2.2,81.0,79.0,17.0
,,500.0,5863.0,-6.3,84.0,70.0,13.0
,,450.0,6680.0,-11.0,82.0,66.0,10.0
,,400.0,7576.0,-16.6,88.0,70.0,9.0
,,350.0,8567.0,-23.1,99.0,64.0,11.0
,,300.0,9678.0,-31.1,99.0,56.0,13.0
,,250.0,10942.0,-41.7,100.0,48.0,10.0
,,200.0,12414.0,-53.6,100.0,311.0,10.0
,,150.0,14194.0,-69.2,100.0,322.0,20.0
,,100.0,16574.0,-73.1,19.0,90.0,30.0
b'13.0000',b'-92.0000',1010.4,0.0,29.2,66.0,82.0,8.0
,,1000.0,92.0,28.2,63.0,84.0,9.0
,,975.0,316.0,26.1,68.0,89.0,10.0
,,950.0,545.0,24.4,70.0,97.0,12.0
,,925.0,779.0,22.8,71.0,97.0,13.0
,,900.0,1017.0,21.2,73.0,92.0,14.0
,,850.0,1511.0,18.0,81.0,83.0,15.0
,,800.0,2028.0,15.2,87.0,80.0,15.0
,,750.0,2574.0,12.2,83.0,83.0,15.0
,,700.0,3150.0,9.2,68.0,89.0,20.0
,,650.0,3761.0,6.6,60.0,91.0,21.0
,,600.0,4414.0,2.2,71.0,89.0,21.0
,,550.0,5111.0,-2.3,82.0,90.0,20.0
,,500.0,5863.0,-6.8,91.0,88.0,19.0
,,450.0,6680.0,-11.1,99.0,81.0,19.0
,,400.0,7576.0,-16.4,99.0,73.0,15.0
,,350.0,8567.0,-23.3,100.0,64.0,11.0
,,300.0,9676.0,-31.5,99.0,52.0,10.0
,,250.0,10939.0,-41.8,100.0,32.0,9.0
,,200.0,12409.0,-54.1,100.0,316.0,11.0
,,150.0,14189.0,-68.9,100.0,314.0,22.0
,,100.0,16575.0,-73.9,19.0,89.0,29.0
b'13.0000',b'-91.0000',1010.4,0.0,29.5,64.0,90.0,6.0
,,1000.0,92.0,28.5,61.0,92.0,7.0
,,975.0,317.0,26.4,66.0,95.0,8.0
,,950.0,546.0,24.2,71.0,100.0,9.0
,,925.0,779.0,22.5,74.0,99.0,11.0
,,900.0,1017.0,20.9,76.0,92.0,11.0
,,850.0,1510.0,17.7,84.0,79.0,13.0
,,800.0,2028.0,15.1,86.0,83.0,15.0
,,750.0,2573.0,12.2,80.0,84.0,16.0
,,700.0,3149.0,9.4,66.0,90.0,20.0
,,650.0,3761.0,6.4,55.0,97.0,22.0
,,600.0,4413.0,2.5,58.0,97.0,22.0
,,550.0,5111.0,-1.9,68.0,98.0,23.0
,,500.0,5864.0,-6.4,81.0,97.0,20.0
,,450.0,6680.0,-11.3,96.0,87.0,18.0
,,400.0,7575.0,-16.8,97.0,75.0,14.0
,,350.0,8566.0,-23.1,97.0,58.0,10.0
,,300.0,9676.0,-31.3,98.0,43.0,7.0
,,250.0,10940.0,-41.7,100.0,24.0,8.0
,,200.0,12409.0,-54.6,100.0,332.0,10.0
,,150.0,14188.0,-68.5,100.0,318.0,19.0
,,100.0,16576.0,-74.4,21.0,87.0,27.0
b'13.0000',b'-90.0000',1010.7,0.0,29.1,64.0,39.0,3.0
,,1000.0,94.0,28.1,65.0,43.0,3.0
,,975.0,318.0,25.9,72.0,62.0,2.0
,,950.0,547.0,23.9,77.0,100.0,3.0
,,925.0,780.0,22.1,81.0,103.0,5.0
,,900.0,1018.0,20.5,82.0,79.0,6.0
,,850.0,1511.0,17.8,80.0,69.0,11.0
,,800.0,2029.0,15.2,69.0,81.0,18.0
,,750.0,2574.0,12.5,67.0,85.0,17.0
,,700.0,3150.0,9.4,61.0,89.0,17.0
,,650.0,3761.0,6.2,53.0,94.0,20.0
,,600.0,4413.0,2.5,54.0,100.0,21.0
,,550.0,5111.0,-1.9,58.0,104.0,23.0
,,500.0,5863.0,-6.3,64.0,100.0,22.0
,,450.0,6680.0,-11.2,82.0,86.0,16.0
,,400.0,7575.0,-16.8,97.0,61.0,11.0
,,350.0,8566.0,-23.1,95.0,47.0,9.0
,,300.0,9676.0,-31.4,93.0,36.0,7.0
,,250.0,10938.0,-41.8,100.0,24.0,8.0
,,200.0,12407.0,-54.6,100.0,330.0,10.0
,,150.0,14186.0,-68.0,96.0,336.0,12.0
,,100.0,16578.0,-74.5,22.0,87.0,25.0
b'13.0000',b'-89.0000',1010.7,0.0,28.6,72.0,10.0,8.0
,,1000.0,94.0,27.4,70.0,9.0,9.0
,,975.0,318.0,25.6,75.0,0.0,7.0
,,950.0,547.0,24.0,78.0,337.0,6.0
,,925.0,781.0,22.5,77.0,354.0,5.0
,,900.0,1019.0,21.0,78.0,22.0,7.0
,,850.0,1512.0,17.7,82.0,62.0,14.0
,,800.0,2029.0,15.1,71.0,77.0,19.0
,,750.0,2574.0,12.6,61.0,86.0,18.0
,,700.0,3151.0,9.6,52.0,90.0,18.0
,,650.0,3762.0,6.2,44.0,93.0,18.0
,,600.0,4414.0,2.5,42.0,98.0,19.0
,,550.0,5112.0,-1.8,41.0,100.0,20.0
,,500.0,5863.0,-6.3,47.0,97.0,20.0
,,450.0,6679.0,-11.4,59.0,87.0,16.0
,,400.0,7573.0,-16.8,84.0,53.0,13.0
,,350.0,8564.0,-23.0,82.0,23.0,10.0
,,300.0,9675.0,-31.3,87.0,7.0,8.0
,,250.0,10937.0,-41.8,100.0,7.0,7.0
,,200.0,12407.0,-54.6,100.0,337.0,9.0
,,150.0,14186.0,-68.0,92.0,329.0,15.0
,,100.0,16578.0,-74.6,23.0,88.0,23.0
b'13.0000',b'-88.0000',1011.3,-2.0,27.2,74.0,34.0,8.0
,,1000.0,96.0,26.2,72.0,35.0,9.0
,,975.0,320.0,25.4,67.0,42.0,9.0
,,950.0,548.0,24.5,65.0,49.0,11.0
,,925.0,782.0,23.0,67.0,51.0,13.0
,,900.0,1021.0,21.2,69.0,52.0,15.0
,,850.0,1514.0,18.1,73.0,66.0,17.0
,,800.0,2031.0,15.1,72.0,76.0,16.0
,,750.0,2576.0,12.2,62.0,81.0,18.0
,,700.0,3151.0,9.5,51.0,87.0,19.0
,,650.0,3762.0,6.1,43.0,95.0,17.0
,,600.0,4413.0,2.1,42.0,98.0,17.0
,,550.0,5110.0,-1.8,33.0,93.0,19.0
,,500.0,5862.0,-5.8,30.0,90.0,19.0
,,450.0,6679.0,-11.3,44.0,83.0,14.0
,,400.0,7573.0,-16.8,58.0,52.0,12.0
,,350.0,8563.0,-23.2,79.0,14.0,10.0
,,300.0,9673.0,-31.5,78.0,346.0,13.0
,,250.0,10935.0,-41.9,96.0,340.0,14.0
,,200.0,12405.0,-54.3,100.0,313.0,12.0
,,150.0,14186.0,-68.1,95.0,320.0,20.0
,,100.0,16577.0,-74.6,24.0,88.0,22.0
b'13.0000',b'-87.0000',1008.2,25.0,24.4,73.0,50.0,3.0
,,1000.0,97.0,24.9,70.0,48.0,6.0
,,975.0,320.0,25.0,67.0,44.0,11.0
,,950.0,548.0,24.0,68.0,45.0,12.0
,,925.0,781.0,22.5,68.0,51.0,14.0
,,900.0,1019.0,21.4,67.0,62.0,18.0
,,850.0,1514.0,19.2,60.0,83.0,17.0
,,800.0,2032.0,15.8,61.0,94.0,15.0
,,750.0,2577.0,12.1,63.0,90.0,16.0
,,700.0,3152.0,8.7,58.0,82.0,19.0
,,650.0,3762.0,5.8,50.0,83.0,18.0
,,600.0,4413.0,2.1,49.0,94.0,17.0
,,550.0,5110.0,-1.9,46.0,95.0,18.0
,,500.0,5862.0,-6.0,38.0,91.0,17.0
,,450.0,6678.0,-11.1,38.0,78.0,13.0
,,400.0,7572.0,-17.1,51.0,44.0,9.0
,,350.0,8562.0,-23.2,66.0,360.0,8.0
,,300.0,9671.0,-31.7,73.0,338.0,12.0
,,250.0,10932.0,-41.6,84.0,333.0,18.0
,,200.0,12404.0,-54.2,98.0,304.0,15.0
,,150.0,14186.0,-68.1,97.0,309.0,22.0
,,100.0,16577.0,-74.7,25.0,88.0,22.0
b'13.0000',b'-86.0000',910.7,916.0,18.9,95.0,27.0,5.0
,,900.0,1017.0,18.7,93.0,33.0,11.0
,,850.0,1507.0,16.4,93.0,52.0,26.0
,,800.0,2023.0,15.6,68.0,69.0,29.0
,,750.0,2570.0,13.9,50.0,80.0,26.0
,,700.0,3148.0,10.5,47.0,90.0,21.0
,,650.0,3761.0,6.4,47.0,97.0,15.0
,,600.0,4412.0,2.0,55.0,96.0,12.0
,,550.0,5109.0,-2.4,64.0,95.0,13.0
,,500.0,5860.0,-6.8,69.0,97.0,15.0
,,450.0,6675.0,-11.4,61.0,85.0,14.0
,,400.0,7569.0,-16.9,50.0,45.0,9.0
,,350.0,8558.0,-23.4,54.0,339.0,7.0
,,300.0,9667.0,-31.4,69.0,309.0,8.0
,,250.0,10930.0,-41.7,71.0,318.0,15.0
,,200.0,12401.0,-54.1,70.0,290.0,15.0
,,150.0,14183.0,-67.8,93.0,303.0,22.0
,,100.0,16575.0,-74.7,27.0,90.0,21.0
b'13.0000',b'-85.0000',990.3,191.0,21.8,97.0,351.0,4.0
,,975.0,327.0,22.2,89.0,1.0,10.0
,,950.0,554.0,22.2,86.0,24.0,16.0
,,925.0,786.0,20.6,92.0,38.0,20.0
,,900.0,1023.0,19.1,96.0,45.0,21.0
,,850.0,1514.0,16.7,92.0,56.0,22.0
,,800.0,2030.0,14.5,82.0,63.0,23.0
,,750.0,2574.0,12.4,68.0,74.0,25.0
,,700.0,3150.0,9.2,70.0,80.0,26.0
,,650.0,3762.0,6.2,61.0,90.0,20.0
,,600.0,4414.0,2.2,62.0,101.0,14.0
,,550.0,5111.0,-2.3,73.0,107.0,13.0
,,500.0,5862.0,-6.6,77.0,108.0,14.0
,,450.0,6678.0,-11.5,81.0,97.0,12.0
,,400.0,7571.0,-17.3,72.0,43.0,9.0
,,350.0,8560.0,-23.7,70.0,348.0,3.0
,,300.0,9668.0,-31.7,47.0,286.0,8.0
,,250.0,10930.0,-41.4,56.0,285.0,14.0
,,200.0,12404.0,-54.0,62.0,261.0,15.0
,,150.0,14185.0,-67.6,91.0,296.0,16.0
,,100.0,16578.0,-74.8,31.0,96.0,20.0
b'13.0000',b'-84.0000',1008.1,33.0,23.0,99.0,349.0,2.0
,,1000.0,104.0,22.7,99.0,352.0,7.0
,,975.0,325.0,22.6,97.0,13.0,16.0
,,950.0,552.0,21.8,98.0,34.0,18.0
,,925.0,784.0,20.7,96.0,45.0,19.0
,,900.0,1021.0,19.8,92.0,54.0,21.0
,,850.0,1514.0,17.6,83.0,60.0,22.0
,,800.0,2031.0,15.2,74.0,65.0,21.0
,,750.0,2576.0,12.2,72.0,75.0,23.0
,,700.0,3151.0,8.8,80.0,78.0,24.0
,,650.0,3762.0,5.4,82.0,87.0,22.0
,,600.0,4413.0,1.9,76.0,105.0,17.0
,,550.0,5110.0,-2.2,76.0,107.0,15.0
,,500.0,5862.0,-6.1,72.0,108.0,16.0
,,450.0,6679.0,-11.2,75.0,100.0,9.0
,,400.0,7573.0,-17.3,89.0,62.0,6.0
,,350.0,8561.0,-24.2,99.0,90.0,3.0
,,300.0,9667.0,-31.5,48.0,245.0,6.0
,,250.0,10931.0,-41.2,48.0,258.0,13.0
,,200.0,12404.0,-54.1,77.0,241.0,17.0
,,150.0,14184.0,-67.8,92.0,286.0,15.0
,,100.0,16579.0,-74.8,34.0,104.0,19.0
b'13.0000',b'-83.0000',1011.2,0.0,27.8,80.0,42.0,10.0
,,1000.0,99.0,26.7,79.0,44.0,12.0
,,975.0,322.0,24.5,85.0,47.0,13.0
,,950.0,550.0,22.6,91.0,52.0,15.0
,,925.0,783.0,21.2,91.0,54.0,17.0
,,900.0,1021.0,20.2,88.0,55.0,20.0
,,850.0,1513.0,17.8,78.0,58.0,21.0
,,800.0,2031.0,15.5,68.0,71.0,21.0
,,750.0,2576.0,12.2,71.0,81.0,23.0
,,700.0,3151.0,8.9,79.0,83.0,23.0
,,650.0,3762.0,5.5,81.0,93.0,21.0
,,600.0,4413.0,1.8,77.0,109.0,16.0
,,550.0,5110.0,-2.1,75.0,111.0,13.0
,,500.0,5862.0,-6.2,74.0,107.0,19.0
,,450.0,6679.0,-11.3,73.0,90.0,16.0
,,400.0,7573.0,-17.0,88.0,64.0,5.0
,,350.0,8563.0,-23.4,100.0,198.0,7.0
,,300.0,9671.0,-32.2,99.0,175.0,7.0
,,250.0,10931.0,-41.6,84.0,243.0,17.0
,,200.0,12402.0,-54.4,99.0,249.0,21.0
,,150.0,14181.0,-67.4,81.0,286.0,17.0
,,100.0,16582.0,-75.1,34.0,110.0,17.0
b'13.0000',b'-82.0000',1010.6,0.0,28.1,82.0,58.0,15.0
,,1000.0,94.0,27.2,79.0,58.0,17.0
,,975.0,318.0,25.1,84.0,59.0,19.0
,,950.0,546.0,23.1,90.0,60.0,20.0
,,925.0,779.0,21.7,89.0,61.0,22.0
,,900.0,1018.0,20.7,85.0,64.0,23.0
,,850.0,1511.0,18.5,71.0,68.0,20.0
,,800.0,2029.0,15.9,64.0,75.0,20.0
,,750.0,2575.0,12.7,69.0,82.0,21.0
,,700.0,3152.0,9.2,76.0,87.0,20.0
,,650.0,3763.0,5.6,75.0,98.0,20.0
,,600.0,4414.0,1.7,76.0,111.0,17.0
,,550.0,5111.0,-2.1,69.0,118.0,12.0
,,500.0,5863.0,-6.2,62.0,123.0,16.0
,,450.0,6680.0,-11.0,58.0,111.0,19.0
,,400.0,7574.0,-17.1,70.0,79.0,12.0
,,350.0,8563.0,-23.5,97.0,184.0,5.0
,,300.0,9670.0,-32.8,95.0,238.0,7.0
,,250.0,10930.0,-41.3,73.0,242.0,17.0
,,200.0,12402.0,-54.3,88.0,250.0,21.0
,,150.0,14182.0,-67.3,82.0,293.0,21.0
,,100.0,16580.0,-75.1,30.0,109.0,15.0
b'13.0000',b'-81.0000',1010.5,0.0,28.1,84.0,57.0,15.0
,,1000.0,92.0,27.2,80.0,58.0,19.0
,,975.0,317.0,25.2,85.0,59.0,22.0
,,950.0,545.0,23.2,88.0,62.0,23.0
,,925.0,778.0,22.1,87.0,64.0,25.0
,,900.0,1017.0,20.8,85.0,66.0,24.0
,,850.0,1510.0,18.5,72.0,72.0,20.0
,,800.0,2029.0,16.2,63.0,78.0,19.0
,,750.0,2575.0,13.0,69.0,83.0,19.0
,,700.0,3152.0,9.4,75.0,89.0,19.0
,,650.0,3764.0,5.6,70.0,99.0,19.0
,,600.0,4414.0,1.8,70.0,110.0,18.0
,,550.0,5111.0,-2.1,66.0,118.0,13.0
,,500.0,5863.0,-6.2,47.0,134.0,13.0
,,450.0,6681.0,-10.5,33.0,122.0,17.0
,,400.0,7576.0,-16.6,47.0,103.0,14.0
,,350.0,8565.0,-23.6,76.0,262.0,1.0
,,300.0,9673.0,-32.1,95.0,230.0,10.0
,,250.0,10932.0,-42.1,96.0,242.0,17.0
,,200.0,12401.0,-54.5,100.0,245.0,22.0
,,150.0,14180.0,-67.2,74.0,298.0,25.0
,,100.0,16578.0,-74.9,24.0,102.0,13.0
b'13.0000',b'-80.0000',1010.6,0.0,28.2,83.0,62.0,16.0
,,1000.0,93.0,27.4,80.0,62.0,19.0
,,975.0,317.0,25.2,84.0,63.0,22.0
,,950.0,546.0,23.2,89.0,64.0,23.0
,,925.0,779.0,21.9,88.0,66.0,24.0
,,900.0,1017.0,20.5,87.0,67.0,23.0
,,850.0,1510.0,18.6,65.0,74.0,20.0
,,800.0,2029.0,16.1,61.0,75.0,19.0
,,750.0,2575.0,13.1,66.0,79.0,19.0
,,700.0,3152.0,9.6,69.0,86.0,19.0
,,650.0,3764.0,5.8,67.0,93.0,21.0
,,600.0,4415.0,1.9,65.0,103.0,18.0
,,550.0,5112.0,-2.0,63.0,120.0,14.0
,,500.0,5864.0,-6.2,48.0,134.0,12.0
,,450.0,6681.0,-10.5,28.0,133.0,12.0
,,400.0,7577.0,-16.8,49.0,127.0,13.0
,,350.0,8566.0,-23.6,71.0,331.0,2.0
,,300.0,9674.0,-31.7,94.0,250.0,15.0
,,250.0,10933.0,-42.8,92.0,254.0,17.0
,,200.0,12399.0,-54.5,100.0,248.0,22.0
,,150.0,14182.0,-66.5,62.0,300.0,24.0
,,100.0,16576.0,-74.8,23.0,94.0,13.0
b'13.0000',b'-79.0000',1010.5,0.0,28.1,83.0,66.0,17.0
,,1000.0,92.0,27.2,80.0,66.0,21.0
,,975.0,317.0,25.2,85.0,66.0,23.0
,,950.0,545.0,23.2,89.0,67.0,24.0
,,925.0,778.0,21.8,88.0,69.0,25.0
,,900.0,1016.0,20.7,83.0,73.0,24.0
,,850.0,1510.0,18.5,70.0,76.0,21.0
,,800.0,2028.0,16.2,63.0,77.0,21.0
,,750.0,2575.0,13.6,59.0,80.0,21.0
,,700.0,3153.0,10.0,64.0,86.0,21.0
,,650.0,3765.0,6.1,64.0,93.0,23.0
,,600.0,4417.0,2.2,61.0,102.0,18.0
,,550.0,5114.0,-2.4,66.0,124.0,13.0
,,500.0,5864.0,-6.8,49.0,133.0,13.0
,,450.0,6681.0,-10.4,12.0,126.0,11.0
,,400.0,7577.0,-16.5,34.0,126.0,9.0
,,350.0,8567.0,-23.4,48.0,349.0,2.0
,,300.0,9675.0,-31.6,97.0,276.0,16.0
,,250.0,10934.0,-42.8,90.0,262.0,18.0
,,200.0,12400.0,-54.4,95.0,252.0,16.0
,,150.0,14187.0,-66.6,46.0,311.0,16.0
,,100.0,16575.0,-74.4,24.0,90.0,14.0
b'13.0000',b'-78.0000',1010.6,0.0,28.1,83.0,71.0,18.0
,,1000.0,94.0,27.2,80.0,71.0,21.0
,,975.0,318.0,25.1,85.0,71.0,23.0
,,950.0,546.0,23.2,90.0,72.0,24.0
,,925.0,779.0,21.6,90.0,74.0,25.0
,,900.0,1017.0,20.6,83.0,78.0,23.0
,,850.0,1510.0,18.2,77.0,80.0,20.0
,,800.0,2029.0,15.7,74.0,82.0,22.0
,,750.0,2575.0,13.6,60.0,88.0,24.0
,,700.0,3153.0,10.0,63.0,92.0,23.0
,,650.0,3766.0,6.1,66.0,96.0,24.0
,,600.0,4417.0,2.1,64.0,101.0,22.0
,,550.0,5114.0,-2.2,65.0,113.0,14.0
,,500.0,5865.0,-7.0,56.0,134.0,12.0
,,450.0,6680.0,-10.9,18.0,127.0,11.0
,,400.0,7576.0,-16.3,23.0,112.0,8.0
,,350.0,8566.0,-23.4,55.0,360.0,4.0
,,300.0,9675.0,-31.6,89.0,273.0,18.0
,,250.0,10934.0,-42.3,75.0,259.0,18.0
,,200.0,12402.0,-54.5,99.0,246.0,18.0
,,150.0,14188.0,-66.8,75.0,290.0,7.0
,,100.0,16576.0,-74.1,24.0,86.0,15.0
b'13.0000',b'-77.0000',1010.7,0.0,27.9,83.0,78.0,19.0
,,1000.0,94.0,27.0,81.0,78.0,22.0
,,975.0,318.0,24.9,86.0,78.0,24.0
,,950.0,546.0,22.9,92.0,79.0,25.0
,,925.0,779.0,21.1,96.0,80.0,26.0
,,900.0,1017.0,20.1,90.0,85.0,25.0
,,850.0,1510.0,18.5,70.0,84.0,21.0
,,800.0,2029.0,16.6,63.0,90.0,22.0
,,750.0,2577.0,13.9,59.0,97.0,22.0
,,700.0,3155.0,10.4,60.0,97.0,21.0
,,650.0,3768.0,6.4,63.0,102.0,21.0
,,600.0,4420.0,1.9,67.0,107.0,21.0
,,550.0,5116.0,-2.8,71.0,113.0,18.0
,,500.0,5865.0,-7.4,61.0,125.0,13.0
,,450.0,6679.0,-11.2,22.0,123.0,10.0
,,400.0,7575.0,-15.9,15.0,106.0,6.0
,,350.0,8566.0,-23.5,59.0,343.0,3.0
,,300.0,9674.0,-31.9,94.0,282.0,17.0
,,250.0,10934.0,-42.1,75.0,260.0,19.0
,,200.0,12402.0,-54.6,94.0,254.0,23.0
,,150.0,14186.0,-67.1,93.0,299.0,6.0
,,100.0,16575.0,-73.6,20.0,85.0,17.0
b'13.0000',b'-76.0000',1010.8,0.0,27.8,84.0,82.0,20.0
,,1000.0,95.0,26.8,82.0,83.0,24.0
,,975.0,318.0,24.7,88.0,83.0,26.0
,,950.0,547.0,22.7,94.0,84.0,27.0
,,925.0,779.0,20.9,97.0,86.0,27.0
,,900.0,1017.0,20.7,80.0,92.0,25.0
,,850.0,1511.0,19.0,68.0,89.0,20.0
,,800.0,2030.0,16.7,66.0,100.0,20.0
,,750.0,2578.0,13.7,62.0,102.0,20.0
,,700.0,3156.0,10.4,56.0,97.0,20.0
,,650.0,3770.0,6.6,58.0,99.0,19.0
,,600.0,4422.0,2.1,65.0,105.0,19.0
,,550.0,5118.0,-2.9,76.0,111.0,18.0
,,500.0,5867.0,-7.8,81.0,119.0,16.0
,,450.0,6680.0,-11.6,37.0,127.0,11.0
,,400.0,7574.0,-15.9,12.0,100.0,6.0
,,350.0,8566.0,-23.3,60.0,317.0,2.0
,,300.0,9673.0,-32.0,78.0,288.0,12.0
,,250.0,10934.0,-42.2,80.0,265.0,23.0
,,200.0,12402.0,-54.4,65.0,259.0,25.0
,,150.0,14186.0,-67.7,100.0,300.0,10.0
,,100.0,16573.0,-73.4,18.0,86.0,19.0
b'13.0000',b'-75.0000',1010.8,0.0,27.6,84.0,87.0,21.0
,,1000.0,95.0,26.6,82.0,87.0,25.0
,,975.0,319.0,24.5,88.0,88.0,27.0
,,950.0,547.0,22.6,94.0,89.0,28.0
,,925.0,779.0,20.9,96.0,92.0,28.0
,,900.0,1017.0,21.5,68.0,98.0,26.0
,,850.0,1512.0,19.1,67.0,93.0,20.0
,,800.0,2032.0,16.7,66.0,97.0,19.0
,,750.0,2579.0,14.1,53.0,99.0,19.0
,,700.0,3158.0,10.7,50.0,98.0,19.0
,,650.0,3772.0,6.7,54.0,97.0,17.0
,,600.0,4424.0,2.2,60.0,99.0,15.0
,,550.0,5120.0,-2.8,72.0,107.0,15.0
,,500.0,5869.0,-7.9,81.0,121.0,15.0
,,450.0,6681.0,-12.1,56.0,130.0,13.0
,,400.0,7575.0,-16.1,14.0,120.0,6.0
,,350.0,8566.0,-23.2,46.0,308.0,2.0
,,300.0,9674.0,-32.0,74.0,291.0,12.0
,,250.0,10934.0,-42.3,91.0,272.0,23.0
,,200.0,12402.0,-54.2,70.0,265.0,26.0
,,150.0,14185.0,-67.8,100.0,299.0,13.0
,,100.0,16572.0,-73.6,19.0,89.0,22.0
b'13.0000',b'-74.0000',1011.1,0.0,27.4,85.0,87.0,20.0
,,1000.0,98.0,26.5,83.0,87.0,24.0
,,975.0,321.0,24.5,88.0,89.0,26.0
,,950.0,549.0,22.6,94.0,90.0,28.0
,,925.0,782.0,21.2,94.0,94.0,27.0
,,900.0,1020.0,21.8,64.0,99.0,25.0
,,850.0,1514.0,19.1,62.0,97.0,18.0
,,800.0,2033.0,16.1,65.0,88.0,17.0
,,750.0,2580.0,13.8,53.0,90.0,19.0
,,700.0,3159.0,10.7,51.0,94.0,19.0
,,650.0,3772.0,6.7,53.0,97.0,16.0
,,600.0,4424.0,2.2,56.0,98.0,14.0
,,550.0,5121.0,-2.6,64.0,105.0,12.0
,,500.0,5870.0,-7.8,76.0,123.0,14.0
,,450.0,6682.0,-12.3,56.0,132.0,13.0
,,400.0,7575.0,-16.3,23.0,124.0,6.0
,,350.0,8567.0,-23.2,33.0,296.0,0.0
,,300.0,9674.0,-32.1,76.0,303.0,14.0
,,250.0,10934.0,-42.1,95.0,281.0,23.0
,,200.0,12401.0,-54.4,83.0,272.0,23.0
,,150.0,14184.0,-67.7,100.0,301.0,13.0
,,100.0,16572.0,-73.8,22.0,91.0,23.0
b'13.0000',b'-73.0000',1011.3,0.0,27.4,86.0,86.0,18.0
,,1000.0,99.0,26.5,83.0,87.0,23.0
,,975.0,323.0,24.5,88.0,88.0,26.0
,,950.0,551.0,22.6,93.0,90.0,27.0
,,925.0,783.0,21.0,96.0,94.0,27.0
,,900.0,1022.0,21.6,67.0,97.0,25.0
,,850.0,1516.0,19.5,58.0,94.0,20.0
,,800.0,2036.0,16.6,57.0,90.0,16.0
,,750.0,2582.0,13.4,56.0,93.0,17.0
,,700.0,3160.0,10.1,57.0,94.0,18.0
,,650.0,3773.0,6.4,60.0,96.0,17.0
,,600.0,4424.0,2.1,58.0,100.0,15.0
,,550.0,5121.0,-2.4,56.0,103.0,13.0
,,500.0,5871.0,-7.1,60.0,120.0,13.0
,,450.0,6684.0,-12.1,48.0,131.0,12.0
,,400.0,7577.0,-16.4,18.0,136.0,6.0
,,350.0,8568.0,-23.3,23.0,90.0,0.0
,,300.0,9675.0,-32.2,52.0,308.0,10.0
,,250.0,10934.0,-42.1,97.0,293.0,24.0
,,200.0,12401.0,-54.6,95.0,279.0,23.0
,,150.0,14183.0,-67.5,97.0,302.0,15.0
,,100.0,16572.0,-74.1,25.0,92.0,24.0
b'13.0000',b'-72.0000',1011.4,0.0,27.6,85.0,88.0,19.0
,,1000.0,100.0,26.7,82.0,89.0,24.0
,,975.0,324.0,24.6,88.0,90.0,27.0
,,950.0,552.0,22.7,94.0,92.0,28.0
,,925.0,785.0,21.2,93.0,95.0,28.0
,,900.0,1023.0,21.6,66.0,97.0,25.0
,,850.0,1518.0,19.6,59.0,95.0,21.0
,,800.0,2037.0,16.8,56.0,94.0,17.0
,,750.0,2585.0,13.6,55.0,96.0,16.0
,,700.0,3162.0,10.1,58.0,98.0,16.0
,,650.0,3774.0,6.1,64.0,98.0,16.0
,,600.0,4426.0,1.9,64.0,101.0,16.0
,,550.0,5122.0,-2.6,60.0,103.0,13.0
,,500.0,5872.0,-7.0,48.0,110.0,12.0
,,450.0,6686.0,-11.8,47.0,126.0,13.0
,,400.0,7578.0,-17.1,30.0,135.0,7.0
,,350.0,8568.0,-23.3,26.0,26.0,1.0
,,300.0,9675.0,-32.4,54.0,323.0,8.0
,,250.0,10934.0,-42.1,87.0,302.0,23.0
,,200.0,12401.0,-54.6,99.0,285.0,25.0
,,150.0,14183.0,-67.4,98.0,306.0,15.0
,,100.0,16572.0,-74.4,29.0,91.0,24.0
b'13.0000',b'-71.0000',1011.8,0.0,27.8,84.0,90.0,18.0
,,1000.0,104.0,26.8,81.0,90.0,22.0
,,975.0,328.0,24.7,86.0,92.0,25.0
,,950.0,556.0,22.8,92.0,93.0,26.0
,,925.0,788.0,21.2,93.0,97.0,26.0
,,900.0,1026.0,20.6,79.0,99.0,23.0
,,850.0,1520.0,19.2,61.0,100.0,21.0
,,800.0,2040.0,16.6,58.0,108.0,18.0
,,750.0,2586.0,13.2,58.0,106.0,16.0
,,700.0,3163.0,9.6,63.0,98.0,15.0
,,650.0,3775.0,5.9,68.0,92.0,16.0
,,600.0,4426.0,2.0,66.0,95.0,16.0
,,550.0,5123.0,-2.3,61.0,102.0,13.0
,,500.0,5873.0,-7.1,57.0,107.0,11.0
,,450.0,6687.0,-11.9,38.0,111.0,12.0
,,400.0,7579.0,-17.0,29.0,112.0,10.0
,,350.0,8568.0,-23.4,17.0,318.0,2.0
,,300.0,9675.0,-32.5,29.0,352.0,7.0
,,250.0,10933.0,-42.2,73.0,304.0,21.0
,,200.0,12401.0,-54.5,100.0,294.0,28.0
,,150.0,14183.0,-67.4,88.0,321.0,10.0
,,100.0,16572.0,-74.6,31.0,87.0,24.0
b'13.0000',b'-70.0000',1012.3,0.0,28.1,81.0,93.0,18.0
,,1000.0,108.0,27.0,78.0,93.0,21.0
,,975.0,332.0,24.9,83.0,94.0,23.0
,,950.0,560.0,22.8,89.0,95.0,24.0
,,925.0,793.0,21.0,91.0,97.0,24.0
,,900.0,1031.0,20.6,76.0,102.0,22.0
,,850.0,1524.0,18.5,67.0,104.0,19.0
,,800.0,2042.0,16.2,61.0,109.0,18.0
,,750.0,2588.0,13.0,64.0,112.0,15.0
,,700.0,3165.0,9.5,70.0,105.0,13.0
,,650.0,3777.0,5.5,72.0,95.0,12.0
,,600.0,4427.0,1.4,69.0,88.0,13.0
,,550.0,5122.0,-2.9,70.0,90.0,13.0
,,500.0,5872.0,-7.0,64.0,95.0,14.0
,,450.0,6687.0,-11.5,47.0,102.0,12.0
,,400.0,7579.0,-17.3,21.0,109.0,9.0
,,350.0,8567.0,-23.7,15.0,77.0,4.0
,,300.0,9674.0,-32.3,41.0,351.0,8.0
,,250.0,10932.0,-42.4,69.0,308.0,19.0
,,200.0,12400.0,-54.4,100.0,305.0,29.0
,,150.0,14184.0,-67.1,82.0,18.0,3.0
,,100.0,16572.0,-75.0,34.0,83.0,23.0
b'13.0000',b'-69.0000',1012.9,0.0,28.1,80.0,94.0,15.0
,,1000.0,114.0,27.0,75.0,95.0,19.0
,,975.0,337.0,24.9,80.0,96.0,20.0
,,950.0,565.0,22.8,85.0,97.0,21.0
,,925.0,798.0,21.0,86.0,99.0,22.0
,,900.0,1035.0,20.1,76.0,101.0,20.0
,,850.0,1527.0,17.9,73.0,104.0,17.0
,,800.0,2045.0,15.4,71.0,109.0,16.0
,,750.0,2590.0,12.4,73.0,112.0,15.0
,,700.0,3166.0,9.0,76.0,109.0,13.0
,,650.0,3777.0,5.4,73.0,96.0,11.0
,,600.0,4427.0,1.5,65.0,81.0,10.0
,,550.0,5122.0,-2.9,69.0,83.0,9.0
,,500.0,5871.0,-7.2,68.0,90.0,12.0
,,450.0,6686.0,-11.8,58.0,93.0,14.0
,,400.0,7579.0,-17.0,27.0,99.0,11.0
,,350.0,8567.0,-23.8,16.0,78.0,4.0
,,300.0,9673.0,-32.2,18.0,351.0,7.0
,,250.0,10931.0,-42.4,43.0,325.0,19.0
,,200.0,12398.0,-54.3,85.0,311.0,31.0
,,150.0,14185.0,-66.4,77.0,33.0,6.0
,,100.0,16573.0,-75.3,35.0,79.0,22.0
b'13.0000',b'-68.0000',1013.5,0.0,27.8,77.0,94.0,16.0
,,1000.0,119.0,26.6,73.0,95.0,19.0
,,975.0,342.0,24.5,79.0,96.0,20.0
,,950.0,570.0,22.5,84.0,97.0,20.0
,,925.0,802.0,20.7,84.0,99.0,21.0
,,900.0,1039.0,20.0,75.0,103.0,20.0
,,850.0,1531.0,17.4,77.0,105.0,18.0
,,800.0,2047.0,14.9,73.0,107.0,17.0
,,750.0,2591.0,11.9,75.0,109.0,15.0
,,700.0,3167.0,8.6,78.0,107.0,13.0
,,650.0,3776.0,5.0,77.0,98.0,10.0
,,600.0,4426.0,1.2,70.0,74.0,7.0
,,550.0,5121.0,-2.9,73.0,76.0,6.0
,,500.0,5871.0,-7.0,72.0,88.0,8.0
,,450.0,6686.0,-11.8,68.0,95.0,13.0
,,400.0,7578.0,-17.3,56.0,92.0,13.0
,,350.0,8566.0,-24.0,45.0,91.0,6.0
,,300.0,9672.0,-32.2,36.0,19.0,5.0
,,250.0,10930.0,-42.4,38.0,337.0,16.0
,,200.0,12396.0,-54.4,83.0,319.0,33.0
,,150.0,14185.0,-66.2,61.0,51.0,6.0
,,100.0,16574.0,-75.3,34.0,76.0,21.0
b'13.0000',b'-67.0000',1014.0,0.0,27.4,78.0,102.0,16.0
,,1000.0,122.0,26.2,76.0,101.0,18.0
,,975.0,345.0,24.0,81.0,100.0,19.0
,,950.0,573.0,22.1,87.0,99.0,20.0
,,925.0,805.0,20.4,89.0,98.0,20.0
,,900.0,1042.0,19.2,85.0,101.0,20.0
,,850.0,1532.0,16.9,83.0,108.0,18.0
,,800.0,2048.0,14.4,74.0,109.0,17.0
,,750.0,2592.0,11.7,66.0,105.0,15.0
,,700.0,3166.0,8.4,68.0,88.0,11.0
,,650.0,3775.0,5.2,66.0,72.0,5.0
,,600.0,4425.0,1.5,59.0,36.0,3.0
,,550.0,5121.0,-2.6,59.0,45.0,5.0
,,500.0,5871.0,-6.8,68.0,81.0,6.0
,,450.0,6686.0,-11.4,68.0,99.0,11.0
,,400.0,7580.0,-17.3,62.0,94.0,12.0
,,350.0,8567.0,-24.2,57.0,100.0,8.0
,,300.0,9672.0,-32.3,49.0,39.0,4.0
,,250.0,10930.0,-42.5,51.0,338.0,9.0
,,200.0,12395.0,-54.6,77.0,319.0,20.0
,,150.0,14185.0,-66.2,34.0,33.0,6.0
,,100.0,16577.0,-75.3,33.0,75.0,20.0
b'13.0000',b'-66.0000',1014.2,0.0,27.8,76.0,93.0,16.0
,,1000.0,124.0,26.5,73.0,93.0,18.0
,,975.0,348.0,24.4,78.0,94.0,19.0
,,950.0,575.0,22.2,85.0,94.0,19.0
,,925.0,807.0,20.2,89.0,95.0,19.0
,,900.0,1044.0,19.0,85.0,98.0,19.0
,,850.0,1534.0,17.7,46.0,111.0,16.0
,,800.0,2050.0,15.1,38.0,115.0,15.0
,,750.0,2593.0,12.0,36.0,110.0,12.0
,,700.0,3167.0,8.5,42.0,93.0,8.0
,,650.0,3775.0,5.1,42.0,39.0,5.0
,,600.0,4424.0,1.9,25.0,25.0,5.0
,,550.0,5120.0,-2.2,24.0,25.0,4.0
,,500.0,5870.0,-6.8,51.0,57.0,5.0
,,450.0,6686.0,-11.3,56.0,85.0,8.0
,,400.0,7580.0,-16.9,57.0,91.0,11.0
,,350.0,8568.0,-24.2,64.0,90.0,10.0
,,300.0,9672.0,-32.4,23.0,3.0,5.0
,,250.0,10929.0,-42.7,35.0,329.0,10.0
,,200.0,12394.0,-54.7,61.0,328.0,19.0
,,150.0,14183.0,-65.9,64.0,60.0,4.0
,,100.0,16578.0,-75.1,31.0,75.0,19.0
b'13.0000',b'-65.0000',1014.4,0.0,27.7,75.0,93.0,14.0
,,1000.0,126.0,26.4,72.0,92.0,16.0
,,975.0,349.0,24.2,78.0,92.0,16.0
,,950.0,576.0,22.1,84.0,92.0,17.0
,,925.0,808.0,20.2,87.0,92.0,17.0
,,900.0,1045.0,19.1,76.0,91.0,17.0
,,850.0,1535.0,17.6,44.0,97.0,14.0
,,800.0,2050.0,15.0,35.0,101.0,10.0
,,750.0,2593.0,11.8,37.0,101.0,8.0
,,700.0,3166.0,8.2,41.0,99.0,5.0
,,650.0,3774.0,5.1,33.0,50.0,4.0
,,600.0,4423.0,1.8,23.0,37.0,5.0
,,550.0,5119.0,-1.9,20.0,39.0,5.0
,,500.0,5870.0,-6.4,41.0,54.0,5.0
,,450.0,6686.0,-11.2,53.0,82.0,7.0
,,400.0,7581.0,-16.8,47.0,83.0,10.0
,,350.0,8569.0,-24.1,65.0,83.0,11.0
,,300.0,9674.0,-32.6,83.0,112.0,5.0
,,250.0,10929.0,-42.9,45.0,56.0,0.0
,,200.0,12393.0,-54.9,68.0,36.0,3.0
,,150.0,14182.0,-65.8,31.0,89.0,8.0
,,100.0,16579.0,-74.8,29.0,74.0,19.0
b'13.0000',b'-64.0000',1014.5,0.0,27.6,74.0,94.0,12.0
,,1000.0,127.0,26.2,72.0,94.0,14.0
,,975.0,350.0,24.1,78.0,94.0,14.0
,,950.0,578.0,22.0,84.0,93.0,15.0
,,925.0,809.0,20.0,89.0,92.0,15.0
,,900.0,1046.0,18.9,79.0,88.0,16.0
,,850.0,1535.0,16.8,58.0,86.0,13.0
,,800.0,2050.0,14.7,37.0,80.0,8.0
,,750.0,2592.0,11.6,39.0,76.0,5.0
,,700.0,3165.0,8.2,40.0,87.0,4.0
,,650.0,3774.0,5.2,33.0,67.0,4.0
,,600.0,4423.0,1.9,26.0,55.0,5.0
,,550.0,5119.0,-1.9,34.0,54.0,5.0
,,500.0,5871.0,-6.3,56.0,66.0,5.0
,,450.0,6687.0,-10.9,44.0,74.0,7.0
,,400.0,7582.0,-16.8,42.0,77.0,8.0
,,350.0,8571.0,-24.1,56.0,77.0,8.0
,,300.0,9676.0,-32.4,71.0,154.0,6.0
,,250.0,10932.0,-43.2,54.0,145.0,7.0
,,200.0,12394.0,-54.8,51.0,136.0,7.0
,,150.0,14181.0,-66.1,39.0,93.0,12.0
,,100.0,16580.0,-74.5,27.0,72.0,18.0
b'13.0000',b'-63.0000',1014.6,0.0,27.6,74.0,94.0,12.0
,,1000.0,128.0,26.2,71.0,94.0,13.0
,,975.0,351.0,24.1,77.0,94.0,14.0
,,950.0,578.0,22.0,84.0,94.0,14.0
,,925.0,810.0,19.9,89.0,93.0,15.0
,,900.0,1046.0,18.6,82.0,91.0,16.0
,,850.0,1535.0,16.7,57.0,88.0,13.0
,,800.0,2050.0,14.2,47.0,81.0,8.0
,,750.0,2591.0,11.5,38.0,57.0,4.0
,,700.0,3164.0,8.2,39.0,56.0,3.0
,,650.0,3773.0,5.4,34.0,63.0,3.0
,,600.0,4422.0,2.1,30.0,60.0,5.0
,,550.0,5119.0,-1.8,43.0,59.0,4.0
,,500.0,5871.0,-5.8,34.0,68.0,5.0
,,450.0,6689.0,-10.8,24.0,73.0,6.0
,,400.0,7584.0,-16.8,22.0,77.0,9.0
,,350.0,8572.0,-24.0,38.0,78.0,6.0
,,300.0,9677.0,-32.4,47.0,172.0,4.0
,,250.0,10934.0,-43.1,75.0,150.0,5.0
,,200.0,12397.0,-54.9,67.0,138.0,8.0
,,150.0,14182.0,-66.4,50.0,104.0,16.0
,,100.0,16580.0,-74.3,25.0,71.0,17.0
b'13.0000',b'-62.0000',1014.5,0.0,27.7,73.0,89.0,11.0
,,1000.0,128.0,26.2,71.0,89.0,13.0
,,975.0,351.0,24.1,77.0,90.0,13.0
,,950.0,578.0,22.0,84.0,90.0,14.0
,,925.0,810.0,19.9,89.0,90.0,14.0
,,900.0,1046.0,18.5,86.0,90.0,15.0
,,850.0,1535.0,16.7,55.0,90.0,14.0
,,800.0,2049.0,14.1,43.0,90.0,9.0
,,750.0,2591.0,11.1,40.0,74.0,4.0
,,700.0,3163.0,8.4,28.0,39.0,2.0
,,650.0,3771.0,5.8,23.0,55.0,3.0
,,600.0,4422.0,2.5,25.0,59.0,5.0
,,550.0,5120.0,-1.2,19.0,50.0,4.0
,,500.0,5872.0,-5.8,17.0,58.0,4.0
,,450.0,6689.0,-10.8,13.0,88.0,6.0
,,400.0,7584.0,-16.6,29.0,78.0,9.0
,,350.0,8573.0,-23.8,31.0,102.0,4.0
,,300.0,9679.0,-32.5,50.0,191.0,6.0
,,250.0,10935.0,-42.9,53.0,138.0,2.0
,,200.0,12398.0,-55.3,83.0,120.0,6.0
,,150.0,14183.0,-66.4,54.0,107.0,17.0
,,100.0,16581.0,-74.3,25.0,70.0,17.0
b'13.0000',b'-61.0000',1015.0,-3.0,27.7,73.0,81.0,10.0
,,1000.0,128.0,26.1,71.0,81.0,12.0
,,975.0,351.0,23.9,78.0,82.0,12.0
,,950.0,579.0,21.9,85.0,82.0,13.0
,,925.0,810.0,19.7,92.0,83.0,13.0
,,900.0,1046.0,18.4,86.0,86.0,15.0
,,850.0,1535.0,15.9,74.0,85.0,15.0
,,800.0,2049.0,14.2,43.0,89.0,11.0
,,750.0,2590.0,11.0,42.0,92.0,6.0
,,700.0,3162.0,8.2,25.0,86.0,1.0
,,650.0,3771.0,6.2,10.0,65.0,1.0
,,600.0,4422.0,3.0,18.0,65.0,4.0
,,550.0,5120.0,-1.2,19.0,64.0,4.0
,,500.0,5873.0,-5.8,10.0,79.0,4.0
,,450.0,6691.0,-10.6,15.0,98.0,6.0
,,400.0,7586.0,-16.6,33.0,90.0,8.0
,,350.0,8574.0,-23.8,31.0,135.0,4.0
,,300.0,9681.0,-32.4,40.0,180.0,9.0
,,250.0,10937.0,-42.9,78.0,200.0,9.0
,,200.0,12399.0,-55.3,79.0,178.0,6.0
,,150.0,14182.0,-66.5,58.0,106.0,20.0
,,100.0,16582.0,-74.2,25.0,71.0,15.0
b'13.0000',b'-60.0000',1014.7,-1.0,27.6,74.0,86.0,10.0
,,1000.0,127.0,26.1,73.0,86.0,11.0
,,975.0,350.0,24.0,80.0,86.0,12.0
,,950.0,578.0,21.9,87.0,85.0,12.0
,,925.0,809.0,19.9,92.0,86.0,12.0
,,900.0,1046.0,18.6,87.0,88.0,14.0
,,850.0,1535.0,16.0,83.0,87.0,15.0
,,800.0,2049.0,13.9,59.0,84.0,13.0
,,750.0,2591.0,11.2,43.0,84.0,8.0
,,700.0,3163.0,8.1,33.0,98.0,4.0
,,650.0,3771.0,5.9,10.0,127.0,2.0
,,600.0,4422.0,3.2,10.0,73.0,2.0
,,550.0,5121.0,-1.1,18.0,83.0,4.0
,,500.0,5874.0,-5.4,9.0,97.0,4.0
,,450.0,6692.0,-10.4,19.0,107.0,4.0
,,400.0,7588.0,-16.6,30.0,106.0,6.0
,,350.0,8576.0,-23.8,29.0,128.0,6.0
,,300.0,9683.0,-32.3,28.0,185.0,6.0
,,250.0,10939.0,-43.0,86.0,195.0,11.0
,,200.0,12401.0,-55.4,93.0,178.0,11.0
,,150.0,14182.0,-66.7,60.0,104.0,22.0
,,100.0,16583.0,-74.0,24.0,73.0,14.0
b'13.0000',b'-59.0000',1014.5,0.0,27.2,76.0,90.0,11.0
,,1000.0,127.0,26.0,74.0,90.0,12.0
,,975.0,350.0,23.8,81.0,90.0,13.0
,,950.0,577.0,21.7,87.0,90.0,13.0
,,925.0,808.0,20.0,89.0,91.0,14.0
,,900.0,1044.0,18.8,84.0,92.0,14.0
,,850.0,1534.0,16.4,77.0,92.0,15.0
,,800.0,2049.0,13.8,70.0,92.0,13.0
,,750.0,2591.0,11.2,58.0,85.0,10.0
,,700.0,3164.0,7.5,71.0,90.0,7.0
,,650.0,3771.0,5.6,27.0,121.0,2.0
,,600.0,4422.0,3.2,14.0,88.0,2.0
,,550.0,5122.0,-0.8,13.0,100.0,4.0
,,500.0,5876.0,-5.4,10.0,129.0,4.0
,,450.0,6694.0,-10.5,19.0,96.0,3.0
,,400.0,7589.0,-16.5,32.0,110.0,5.0
,,350.0,8578.0,-23.9,40.0,129.0,7.0
,,300.0,9684.0,-32.3,26.0,151.0,5.0
,,250.0,10941.0,-42.9,70.0,204.0,8.0
,,200.0,12403.0,-55.4,85.0,171.0,9.0
,,150.0,14183.0,-66.9,64.0,102.0,21.0
,,100.0,16584.0,-73.9,24.0,77.0,15.0
b'13.0000',b'-58.0000',1014.5,0.0,27.2,77.0,90.0,14.0
,,1000.0,127.0,25.8,76.0,90.0,15.0
,,975.0,350.0,23.6,82.0,90.0,16.0
,,950.0,576.0,21.5,89.0,90.0,16.0
,,925.0,808.0,19.8,90.0,91.0,16.0
,,900.0,1044.0,18.9,81.0,96.0,15.0
,,850.0,1534.0,16.4,78.0,94.0,13.0
,,800.0,2048.0,13.9,69.0,92.0,12.0
,,750.0,2590.0,11.2,54.0,89.0,10.0
,,700.0,3163.0,7.7,63.0,87.0,6.0
,,650.0,3771.0,6.0,18.0,99.0,1.0
,,600.0,4423.0,3.5,13.0,113.0,1.0
,,550.0,5123.0,-0.4,10.0,119.0,3.0
,,500.0,5877.0,-5.4,10.0,133.0,4.0
,,450.0,6695.0,-10.5,13.0,111.0,3.0
,,400.0,7590.0,-16.6,18.0,132.0,5.0
,,350.0,8579.0,-23.8,44.0,130.0,7.0
,,300.0,9685.0,-32.2,27.0,135.0,2.0
,,250.0,10942.0,-42.8,21.0,213.0,6.0
,,200.0,12405.0,-55.3,77.0,173.0,6.0
,,150.0,14184.0,-67.1,70.0,98.0,20.0
,,100.0,16583.0,-74.1,26.0,82.0,15.0
b'13.0000',b'-57.0000',1014.6,0.0,27.4,74.0,92.0,13.0
,,1000.0,128.0,25.9,73.0,92.0,14.0
,,975.0,350.0,23.7,79.0,92.0,15.0
,,950.0,577.0,21.6,86.0,92.0,15.0
,,925.0,808.0,19.5,93.0,92.0,17.0
,,900.0,1045.0,18.4,85.0,93.0,17.0
,,850.0,1534.0,16.4,73.0,92.0,13.0
,,800.0,2048.0,13.6,73.0,91.0,11.0
,,750.0,2590.0,10.6,68.0,86.0,9.0
,,700.0,3162.0,7.8,51.0,75.0,5.0
,,650.0,3770.0,6.4,3.0,348.0,1.0
,,600.0,4422.0,3.9,3.0,123.0,1.0
,,550.0,5123.0,-0.2,7.0,113.0,3.0
,,500.0,5877.0,-5.3,9.0,116.0,3.0
,,450.0,6695.0,-10.5,8.0,128.0,4.0
,,400.0,7590.0,-16.6,10.0,131.0,4.0
,,350.0,8579.0,-23.8,30.0,132.0,6.0
,,300.0,9685.0,-32.2,32.0,64.0,3.0
,,250.0,10942.0,-42.8,36.0,272.0,4.0
,,200.0,12405.0,-55.1,71.0,198.0,1.0
,,150.0,14185.0,-67.1,72.0,96.0,17.0
,,100.0,16583.0,-74.4,29.0,87.0,15.0
b'13.0000',b'-56.0000',1014.5,0.0,27.5,73.0,88.0,13.0
,,1000.0,128.0,26.1,70.0,88.0,14.0
,,975.0,350.0,24.0,75.0,88.0,15.0
,,950.0,577.0,21.8,82.0,89.0,15.0
,,925.0,809.0,19.7,89.0,89.0,16.0
,,900.0,1045.0,18.2,87.0,91.0,16.0
,,850.0,1534.0,16.2,64.0,91.0,13.0
,,800.0,2048.0,14.1,58.0,95.0,11.0
,,750.0,2590.0,10.9,57.0,81.0,8.0
,,700.0,3162.0,7.8,55.0,36.0,3.0
,,650.0,3771.0,6.4,19.0,14.0,0.0
,,600.0,4423.0,3.6,8.0,121.0,3.0
,,550.0,5123.0,-0.3,6.0,92.0,3.0
,,500.0,5877.0,-5.1,7.0,75.0,3.0
,,450.0,6696.0,-10.5,9.0,99.0,4.0
,,400.0,7591.0,-16.5,11.0,90.0,4.0
,,350.0,8580.0,-23.7,20.0,116.0,5.0
,,300.0,9686.0,-32.6,40.0,43.0,4.0
,,250.0,10942.0,-42.9,43.0,356.0,8.0
,,200.0,12406.0,-55.1,64.0,354.0,5.0
,,150.0,14186.0,-67.0,69.0,96.0,14.0
,,100.0,16582.0,-74.8,35.0,92.0,16.0
b'13.0000',b'-55.0000',1014.6,0.0,27.2,74.0,84.0,14.0
,,1000.0,128.0,25.9,71.0,84.0,15.0
,,975.0,351.0,23.7,77.0,85.0,16.0
,,950.0,578.0,21.6,83.0,86.0,16.0
,,925.0,809.0,19.7,87.0,89.0,16.0
,,900.0,1045.0,18.5,82.0,93.0,15.0
,,850.0,1534.0,15.7,80.0,86.0,13.0
,,800.0,2048.0,14.1,57.0,79.0,7.0
,,750.0,2590.0,10.5,64.0,60.0,5.0
,,700.0,3162.0,8.0,45.0,28.0,4.0
,,650.0,3770.0,6.2,18.0,316.0,1.0
,,600.0,4422.0,3.5,12.0,121.0,1.0
,,550.0,5123.0,-0.2,7.0,88.0,4.0
,,500.0,5878.0,-5.0,6.0,73.0,4.0
,,450.0,6696.0,-10.4,7.0,86.0,5.0
,,400.0,7592.0,-16.4,9.0,83.0,5.0
,,350.0,8581.0,-23.7,13.0,85.0,5.0
,,300.0,9687.0,-32.7,48.0,74.0,2.0
,,250.0,10942.0,-42.9,46.0,5.0,11.0
,,200.0,12405.0,-55.0,76.0,356.0,7.0
,,150.0,14188.0,-66.7,64.0,100.0,12.0
,,100.0,16582.0,-75.4,41.0,94.0,16.0
b'13.0000',b'-54.0000',1014.8,0.0,27.0,74.0,82.0,12.0
,,1000.0,130.0,25.6,72.0,82.0,14.0
,,975.0,352.0,23.4,78.0,83.0,14.0
,,950.0,579.0,21.4,84.0,84.0,15.0
,,925.0,810.0,19.5,88.0,86.0,15.0
,,900.0,1046.0,18.2,84.0,88.0,14.0
,,850.0,1534.0,15.2,85.0,82.0,12.0
,,800.0,2048.0,13.9,51.0,60.0,7.0
,,750.0,2589.0,10.4,62.0,34.0,4.0
,,700.0,3161.0,8.1,43.0,358.0,4.0
,,650.0,3770.0,6.6,18.0,306.0,2.0
,,600.0,4422.0,3.5,10.0,185.0,1.0
,,550.0,5122.0,-0.4,7.0,95.0,3.0
,,500.0,5877.0,-4.9,6.0,75.0,5.0
,,450.0,6696.0,-10.2,6.0,83.0,7.0
,,400.0,7592.0,-16.3,6.0,77.0,6.0
,,350.0,8582.0,-23.6,7.0,56.0,5.0
,,300.0,9688.0,-32.7,40.0,26.0,2.0
,,250.0,10942.0,-43.2,45.0,0.0,12.0
,,200.0,12404.0,-54.9,50.0,28.0,6.0
,,150.0,14189.0,-66.3,56.0,107.0,10.0
,,100.0,16584.0,-75.9,47.0,96.0,16.0
b'13.0000',b'-53.0000',1015.0,0.0,26.9,73.0,86.0,11.0
,,1000.0,131.0,25.5,71.0,86.0,12.0
,,975.0,353.0,23.2,77.0,85.0,12.0
,,950.0,580.0,21.2,84.0,84.0,13.0
,,925.0,810.0,19.2,86.0,81.0,13.0
,,900.0,1046.0,18.2,77.0,79.0,13.0
,,850.0,1534.0,15.4,70.0,88.0,11.0
,,800.0,2047.0,13.7,38.0,54.0,6.0
,,750.0,2588.0,10.6,54.0,360.0,4.0
,,700.0,3160.0,8.2,34.0,333.0,2.0
,,650.0,3769.0,6.9,9.0,292.0,3.0
,,600.0,4422.0,3.7,6.0,263.0,1.0
,,550.0,5122.0,-0.4,7.0,86.0,2.0
,,500.0,5877.0,-4.8,5.0,72.0,5.0
,,450.0,6697.0,-10.0,5.0,82.0,7.0
,,400.0,7593.0,-16.3,5.0,76.0,7.0
,,350.0,8582.0,-23.7,4.0,42.0,6.0
,,300.0,9688.0,-32.7,21.0,358.0,5.0
,,250.0,10941.0,-43.5,50.0,352.0,10.0
,,200.0,12403.0,-54.7,41.0,60.0,6.0
,,150.0,14191.0,-65.8,47.0,115.0,10.0
,,100.0,16586.0,-76.2,52.0,98.0,15.0
